time_ms,game_mode,map,team_name,team_score,opp_name,opp_score,map_time,time_left_in_current_hill,hill_number,first_blood,location,multikill,killing_spree,tournament_info,Date
00:00:07.20,HARDPOINT,COLOSSUS,CLOUD9 NEW YORK,0,G2 MINNESOTA,0,4:58,0:58,1,,,,,,5_26_25
00:00:08.19,HARDPOINT,COLOSSUS,CLOUD9 NEW YORK,0,G2 MINNESOTA,0,4:57,0:57,1,,,,,,5_26_25
00:00:09.19,HARDPOINT,COLOSSUS,CLOUD9 NEW YORK,0,G2 MINNESOTA,0,4:56,0:56,1,,,,,,5_26_25
00:00:10.19,HARDPOINT,COLOSSUS,CLOUD9 NEW YORK,0,G2 MINNESOTA,0,4:55,0:55,1,,,,,,5_26_25
00:00:11.19,HARDPOINT,COLOSSUS,CLOUD9 NEW YORK,0,G2 MINNESOTA,0,4:54,0:54,1,,,,,,5_26_25
00:00:12.19,HARDPOINT,COLOSSUS,CLOUD9 NEW YORK,0,G2 MINNESOTA,0,4:53,0:53,1,,,,,,5_26_25
00:00:13.19,HARDPOINT,COLOSSUS,CLOUD9 NEW YORK,0,G2 MINNESOTA,0,4:52,0:52,1,,,,,,5_26_25
00:00:14.19,HARDPOINT,COLOSSUS,CLOUD9 NEW YORK,0,G2 MINNESOTA,0,4:51,0:51,1,,,,,MAJOR I QUALIFIERS - WEEK I,5_26_25
00:00:15.19,HARDPOINT,COLOSSUS,CLOUD9 NEW YORK,0,G2 MINNESOTA,0,4:50,0:50,1,,,,,MAJOR I QUALIFIERS - WEEK I,5_26_25
00:00:16.19,HARDPOINT,COLOSSUS,CLOUD9 NEW YORK,0,G2 MINNESOTA,0,4:49,0:49,1,,,,,MAJOR I QUALIFIERS - WEEK I,5_26_25
00:00:17.19,HARDPOINT,COLOSSUS,CLOUD9 NEW YORK,0,G2 MINNESOTA,0,4:48,0:48,1,,,,,MAJOR I QUALIFIERS - WEEK I,5_26_25
00:00:18.19,HARDPOINT,COLOSSUS,CLOUD9 NEW YORK,0,G2 MINNESOTA,0,4:47,0:47,1,,,,,MAJOR I QUALIFIERS - WEEK I,5_26_25
00:00:19.19,HARDPOINT,COLOSSUS,CLOUD9 NEW YORK,0,G2 MINNESOTA,0,4:46,0:46,1,,,,,MAJOR I QUALIFIERS - WEEK I,5_26_25
00:00:20.19,HARDPOINT,COLOSSUS,CLOUD9 NEW YORK,0,G2 MINNESOTA,0,4:45,0:45,1,,,,,MAJOR I QUALIFIERS - WEEK I,5_26_25
00:00:21.19,HARDPOINT,COLOSSUS,CLOUD9 NEW YORK,0,G2 MINNESOTA,0,4:44,0:45,1,,,,,,5_26_25
00:00:22.19,HARDPOINT,COLOSSUS,CLOUD9 NEW YORK,0,G2 MINNESOTA,0,4:43,0:43,1,,,,,,5_26_25
00:00:23.19,HARDPOINT,COLOSSUS,CLOUD9 NEW YORK,0,G2 MINNESOTA,0,4:42,0:42,1,ESTREAL - FIRSTBLOOD,,,,,5_26_25
00:00:24.19,HARDPOINT,COLOSSUS,CLOUD9 NEW YORK,0,G2 MINNESOTA,0,4:41,0:41,1,ESTREAL - FIRSTBLOOD,,,,,5_26_25
00:00:25.19,HARDPOINT,COLOSSUS,CLOUD9 NEW YORK,1,G2 MINNESOTA,0,4:41,0:40,1,ESTREAL - FIRSTBLOOD,,,,,5_26_25
00:00:26.19,HARDPOINT,COLOSSUS,CLOUD9 NEW YORK,2,G2 MINNESOTA,0,4:41,0:39,1,ESTREAL - FIRSTBLOOD,,,,,5_26_25
00:00:27.19,HARDPOINT,COLOSSUS,CLOUD9 NEW YORK,3,G2 MINNESOTA,0,4:41,0:38,1,,,,,,5_26_25
00:00:28.19,HARDPOINT,COLOSSUS,CLOUD9 NEW YORK,4,G2 MINNESOTA,0,4:41,0:37,1,,,,,,5_26_25
00:00:29.19,HARDPOINT,COLOSSUS,CLOUD9 NEW YORK,5,G2 MINNESOTA,0,4:41,0:36,1,,,,,,5_26_25
00:00:30.19,HARDPOINT,COLOSSUS,CLOUD9 NEW YORK,6,G2 MINNESOTA,0,4:41,0:35,1,,,,,,5_26_25
00:00:31.19,HARDPOINT,COLOSSUS,CLOUD9 NEW YORK,6,G2 MINNESOTA,0,4:41,0:34,1,,,,,,5_26_25
00:00:32.20,HARDPOINT,COLOSSUS,CLOUD9 NEW YORK,6,G2 MINNESOTA,0,4:40,0:33,1,,,,,,5_26_25
00:00:33.20,HARDPOINT,COLOSSUS,CLOUD9 NEW YORK,6,G2 MINNESOTA,0,4:40,0:32,1,,,,,,5_26_25
00:00:34.20,HARDPOINT,COLOSSUS,CLOUD9 NEW YORK,7,G2 MINNESOTA,0,4:40,0:31,1,,,,,MAJOR I QUALIFIERS - WEEK I,5_26_25
00:00:35.20,HARDPOINT,COLOSSUS,CLOUD9 NEW YORK,8,G2 MINNESOTA,0,4:40,0:30,1,,,,,MAJOR I QUALIFIERS - WEEK I,5_26_25
00:00:36.20,HARDPOINT,COLOSSUS,CLOUD9 NEW YORK,9,G2 MINNESOTA,0,4:40,0:29,1,,,,,MAJOR I QUALIFIERS - WEEK I,5_26_25
00:00:37.20,HARDPOINT,COLOSSUS,CLOUD9 NEW YORK,10,G2 MINNESOTA,0,4:40,0:28,1,,,,,MAJOR I QUALIFIERS - WEEK I,5_26_25
00:00:38.20,HARDPOINT,COLOSSUS,CLOUD9 NEW YORK,11,G2 MINNESOTA,0,4:40,0:27,1,,,,,MAJOR I QUALIFIERS - WEEK I,5_26_25
00:00:39.20,HARDPOINT,COLOSSUS,CLOUD9 NEW YORK,12,G2 MINNESOTA,0,4:40,0:26,1,,,,,MAJOR I QUALIFIERS - WEEK I,5_26_25
00:00:40.20,HARDPOINT,COLOSSUS,CLOUD9 NEW YORK,13,G2 MINNESOTA,0,4:40,0:25,1,,,,,MAJOR I QUALIFIERS - WEEK I,5_26_25
00:00:41.20,HARDPOINT,COLOSSUS,CLOUD9 NEW YORK,14,G2 MINNESOTA,0,4:40,0:24,1,,,,,,5_26_25
00:00:42.20,HARDPOINT,COLOSSUS,CLOUD9 NEW YORK,15,G2 MINNESOTA,0,4:40,0:23,1,,,,,,5_26_25
00:00:43.20,HARDPOINT,COLOSSUS,CLOUD9 NEW YORK,15,G2 MINNESOTA,0,4:40,0:22,1,,,,,,5_26_25
00:00:44.20,HARDPOINT,COLOSSUS,CLOUD9 NEW YORK,15,G2 MINNESOTA,0,4:39,0:21,1,,,,,,5_26_25
00:00:45.20,HARDPOINT,COLOSSUS,CLOUD9 NEW YORK,15,G2 MINNESOTA,1,4:39,0:20,1,,,,,,5_26_25
00:00:46.20,HARDPOINT,COLOSSUS,CLOUD9 NEW YORK,15,G2 MINNESOTA,1,4:38,0:19,1,,,,,,5_26_25
00:00:47.20,HARDPOINT,COLOSSUS,CLOUD9 NEW YORK,15,G2 MINNESOTA,1,4:38,0:18,1,,,,,,5_26_25
00:00:48.20,HARDPOINT,COLOSSUS,CLOUD9 NEW YORK,15,G2 MINNESOTA,2,4:38,0:17,1,,,,,MAJOR I QUALIFIERS - WEEK I,5_26_25
00:00:49.20,HARDPOINT,COLOSSUS,CLOUD9 NEW YORK,15,G2 MINNESOTA,3,4:38,0:16,1,,,,,MAJOR I QUALIFIERS - WEEK I,5_26_25
00:00:50.20,HARDPOINT,COLOSSUS,CLOUD9 NEW YORK,15,G2 MINNESOTA,4,4:38,0:16,1,,,,,MAJOR I QUALIFIERS - WEEK I,5_26_25
00:00:51.20,HARDPOINT,COLOSSUS,CLOUD9 NEW YORK,15,G2 MINNESOTA,4,4:37,0:14,1,,,,,MAJOR I QUALIFIERS - WEEK I,5_26_25
00:00:52.20,HARDPOINT,COLOSSUS,CLOUD9 NEW YORK,15,G2 MINNESOTA,5,4:37,0:13,1,,,,,MAJOR I QUALIFIERS - WEEK I,5_26_25
00:00:53.20,HARDPOINT,COLOSSUS,CLOUD9 NEW YORK,15,G2 MINNESOTA,6,4:35,0:13,1,,,,,MAJOR I QUALIFIERS - WEEK I,5_26_25
00:00:54.20,HARDPOINT,COLOSSUS,CLOUD9 NEW YORK,15,G2 MINNESOTA,6,4:36,0:13,1,,,,,MAJOR I QUALIFIERS - WEEK I,5_26_25
00:00:55.20,HARDPOINT,COLOSSUS,CLOUD9 NEW YORK,15,G2 MINNESOTA,6,4:36,0:10,1,,,,,,5_26_25
00:00:56.20,HARDPOINT,COLOSSUS,CLOUD9 NEW YORK,16,G2 MINNESOTA,6,4:36,0:09,1,,,,,,5_26_25
00:00:57.20,HARDPOINT,COLOSSUS,CLOUD9 NEW YORK,16,G2 MINNESOTA,6,4:35,0:08,1,,,,,,5_26_25
00:00:58.20,HARDPOINT,COLOSSUS,CLOUD9 NEW YORK,16,G2 MINNESOTA,6,4:34,0:07,1,,,,,,5_26_25
00:00:59.20,HARDPOINT,COLOSSUS,CLOUD9 NEW YORK,16,G2 MINNESOTA,6,4:33,0:06,1,,,,,,5_26_25
00:01:00.20,HARDPOINT,COLOSSUS,CLOUD9 NEW YORK,16,G2 MINNESOTA,6,4:32,0:05,1,,,,,,5_26_25
00:01:01.20,HARDPOINT,COLOSSUS,CLOUD9 NEW YORK,16,G2 MINNESOTA,6,4:31,0:04,1,,,,,,5_26_25
00:01:02.20,HARDPOINT,COLOSSUS,CLOUD9 NEW YORK,16,G2 MINNESOTA,6,4:30,0:03,1,,,,,MAJOR I QUALIFIERS - WEEK I,5_26_25
00:01:03.20,HARDPOINT,COLOSSUS,CLOUD9 NEW YORK,16,G2 MINNESOTA,6,4:29,0:02,1,,,,,MAJOR I QUALIFIERS - WEEK I,5_26_25
00:01:04.20,HARDPOINT,COLOSSUS,CLOUD9 NEW YORK,16,G2 MINNESOTA,6,4:28,0:01,1,,,,,MAJOR I QUALIFIERS - WEEK I,5_26_25
00:01:05.20,HARDPOINT,COLOSSUS,CLOUD9 NEW YORK,16,G2 MINNESOTA,6,4:27,0:00,1,,,,,MAJOR I QUALIFIERS - WEEK I,5_26_25
00:01:06.20,HARDPOINT,COLOSSUS,CLOUD9 NEW YORK,16,G2 MINNESOTA,6,4:26,0:00,1,,,,,MAJOR I QUALIFIERS - WEEK I,5_26_25
00:01:07.20,HARDPOINT,COLOSSUS,CLOUD9 NEW YORK,16,G2 MINNESOTA,6,4:25,0:59,2,,,,,NEW HARDPOINT,5_26_25
00:01:08.20,HARDPOINT,COLOSSUS,CLOUD9 NEW YORK,16,G2 MINNESOTA,6,4:24,0:58,2,,,,,NEW HARDPOINT,5_26_25
00:01:09.20,HARDPOINT,COLOSSUS,CLOUD9 NEW YORK,16,G2 MINNESOTA,6,4:23,0:57,2,,,,,NEW HARDPOINT,5_26_25
00:01:10.20,HARDPOINT,COLOSSUS,CLOUD9 NEW YORK,16,G2 MINNESOTA,6,4:22,0:56,2,,,,,NEW HARDPOINT,5_26_25
00:01:11.20,HARDPOINT,COLOSSUS,CLOUD9 NEW YORK,16,G2 MINNESOTA,6,4:22,0:55,2,,BAGGAGE CLAIM,,,,5_26_25
00:01:12.20,HARDPOINT,COLOSSUS,CLOUD9 NEW YORK,16,G2 MINNESOTA,7,4:22,0:54,2,,BAGGAGE CLAIM,,,,5_26_25
00:01:13.20,HARDPOINT,COLOSSUS,CLOUD9 NEW YORK,16,G2 MINNESOTA,8,4:22,0:53,2,,BAGGAGE CLAIM,,,,5_26_25
00:01:14.20,HARDPOINT,COLOSSUS,CLOUD9 NEW YORK,16,G2 MINNESOTA,9,4:22,0:52,2,,BAGGAGE CLAIM,,,,5_26_25
00:01:15.20,HARDPOINT,COLOSSUS,CLOUD9 NEW YORK,16,G2 MINNESOTA,10,4:22,0:51,2,,,,,MAJOR I QUALIFIERS - WEEK I,5_26_25
00:01:16.20,HARDPOINT,COLOSSUS,CLOUD9 NEW YORK,17,G2 MINNESOTA,10,4:22,0:50,2,,,,,MAJOR I QUALIFIERS - WEEK I,5_26_25
00:01:17.20,HARDPOINT,COLOSSUS,CLOUD9 NEW YORK,18,G2 MINNESOTA,10,4:22,0:49,2,,,,,MAJOR I QUALIFIERS - WEEK I,5_26_25
00:01:18.20,HARDPOINT,COLOSSUS,CLOUD9 NEW YORK,19,G2 MINNESOTA,10,4:22,0:48,2,,,,,MAJOR I QUALIFIERS - WEEK I,5_26_25
00:01:19.20,HARDPOINT,COLOSSUS,CLOUD9 NEW YORK,20,G2 MINNESOTA,10,4:22,0:47,2,,,,,MAJOR I QUALIFIERS - WEEK I,5_26_25
00:01:20.20,HARDPOINT,COLOSSUS,CLOUD9 NEW YORK,21,G2 MINNESOTA,10,4:22,0:46,2,,,,,MAJOR I QUALIFIERS - WEEK I,5_26_25
00:01:21.20,HARDPOINT,COLOSSUS,CLOUD9 NEW YORK,22,G2 MINNESOTA,10,4:22,0:45,2,,,,,MAJOR I QUALIFIERS - WEEK I,5_26_25
00:01:22.20,HARDPOINT,COLOSSUS,CLOUD9 NEW YORK,23,G2 MINNESOTA,10,4:22,0:44,2,,,,,,5_26_25
00:01:23.20,HARDPOINT,COLOSSUS,CLOUD9 NEW YORK,24,G2 MINNESOTA,10,4:22,0:43,2,,,,,,5_26_25
00:01:24.20,HARDPOINT,COLOSSUS,CLOUD9 NEW YORK,25,G2 MINNESOTA,10,4:22,0:42,2,,,,,,5_26_25
00:01:25.20,HARDPOINT,COLOSSUS,CLOUD9 NEW YORK,26,G2 MINNESOTA,10,4:22,0:41,2,,,,,,5_26_25
00:01:26.20,HARDPOINT,COLOSSUS,CLOUD9 NEW YORK,27,G2 MINNESOTA,10,4:22,0:40,2,,,,,,5_26_25
00:01:27.20,HARDPOINT,COLOSSUS,CLOUD9 NEW YORK,28,G2 MINNESOTA,10,4:22,0:39,2,,,,,,5_26_25
00:01:28.20,HARDPOINT,COLOSSUS,CLOUD9 NEW YORK,29,G2 MINNESOTA,10,4:22,0:38,2,,,,,,5_26_25
00:01:29.20,HARDPOINT,COLOSSUS,CLOUD9 NEW YORK,30,G2 MINNESOTA,10,4:22,0:37,2,,,,,MAJOR I QUALIFIERS - WEEK I,5_26_25
00:01:30.20,HARDPOINT,COLOSSUS,CLOUD9 NEW YORK,31,G2 MINNESOTA,10,4:22,0:36,2,,,,,MAJOR I QUALIFIERS - WEEK I,5_26_25
00:01:31.20,HARDPOINT,COLOSSUS,CLOUD9 NEW YORK,32,G2 MINNESOTA,10,4:22,0:35,2,,,,,MAJOR I QUALIFIERS - WEEK I,5_26_25
00:01:32.20,HARDPOINT,COLOSSUS,CLOUD9 NEW YORK,33,G2 MINNESOTA,10,4:22,0:34,2,,,,,MAJOR I QUALIFIERS - WEEK I,5_26_25
00:01:33.20,HARDPOINT,COLOSSUS,CLOUD9 NEW YORK,34,G2 MINNESOTA,10,4:22,0:33,2,,,,,MAJOR I QUALIFIERS - WEEK I,5_26_25
00:01:34.20,HARDPOINT,COLOSSUS,CLOUD9 NEW YORK,35,G2 MINNESOTA,10,4:22,0:32,2,,,,,MAJOR I QUALIFIERS - WEEK I,5_26_25
00:01:35.20,HARDPOINT,COLOSSUS,CLOUD9 NEW YORK,35,G2 MINNESOTA,10,4:22,0:31,2,,,,,MAJOR I QUALIFIERS - WEEK I,5_26_25
00:01:36.20,HARDPOINT,COLOSSUS,CLOUD9 NEW YORK,35,G2 MINNESOTA,10,4:20,0:31,2,,,,,,5_26_25
00:01:37.20,HARDPOINT,COLOSSUS,CLOUD9 NEW YORK,35,G2 MINNESOTA,10,4:20,0:29,2,,,,,,5_26_25
00:01:38.20,HARDPOINT,COLOSSUS,CLOUD9 NEW YORK,35,G2 MINNESOTA,11,4:20,0:28,2,,,,,,5_26_25
00:01:39.20,HARDPOINT,COLOSSUS,CLOUD9 NEW YORK,35,G2 MINNESOTA,11,4:19,0:27,2,,,,,,5_26_25
00:01:40.20,HARDPOINT,COLOSSUS,CLOUD9 NEW YORK,35,G2 MINNESOTA,11,4:18,0:26,2,,,,,,5_26_25
00:01:41.20,HARDPOINT,COLOSSUS,CLOUD9 NEW YORK,35,G2 MINNESOTA,11,4:17,0:26,2,,,,,,5_26_25
00:01:42.20,HARDPOINT,COLOSSUS,CLOUD9 NEW YORK,35,G2 MINNESOTA,11,4:16,0:26,2,,,,,,5_26_25
00:01:43.20,HARDPOINT,COLOSSUS,CLOUD9 NEW YORK,35,G2 MINNESOTA,11,4:16,0:23,2,,,,,MAJOR I QUALIFIERS - WEEK I,5_26_25
00:01:44.20,HARDPOINT,COLOSSUS,CLOUD9 NEW YORK,35,G2 MINNESOTA,12,4:16,0:22,2,,,,,MAJOR I QUALIFIERS - WEEK I,5_26_25
00:01:45.20,HARDPOINT,COLOSSUS,CLOUD9 NEW YORK,35,G2 MINNESOTA,13,4:16,0:21,2,,,,,MAJOR I QUALIFIERS - WEEK I,5_26_25
00:01:46.20,HARDPOINT,COLOSSUS,CLOUD9 NEW YORK,35,G2 MINNESOTA,14,4:16,0:20,2,,,,,MAJOR I QUALIFIERS - WEEK I,5_26_25
00:01:47.20,HARDPOINT,COLOSSUS,CLOUD9 NEW YORK,35,G2 MINNESOTA,15,4:16,0:19,2,,,,,MAJOR I QUALIFIERS - WEEK I,5_26_25
00:01:48.20,HARDPOINT,COLOSSUS,CLOUD9 NEW YORK,35,G2 MINNESOTA,16,4:16,0:18,2,,,,,MAJOR I QUALIFIERS - WEEK I,5_26_25
00:01:49.20,HARDPOINT,COLOSSUS,CLOUD9 NEW YORK,35,G2 MINNESOTA,17,4:16,0:17,2,,,,,MAJOR I QUALIFIERS - WEEK I,5_26_25
00:01:50.20,HARDPOINT,COLOSSUS,CLOUD9 NEW YORK,35,G2 MINNESOTA,18,4:16,0:16,2,,,,,,5_26_25
00:01:51.20,HARDPOINT,COLOSSUS,CLOUD9 NEW YORK,35,G2 MINNESOTA,19,4:15,0:16,2,,,,,,5_26_25
00:01:52.20,HARDPOINT,COLOSSUS,CLOUD9 NEW YORK,35,G2 MINNESOTA,19,4:14,0:16,2,,,,,,5_26_25
00:01:53.20,HARDPOINT,COLOSSUS,CLOUD9 NEW YORK,35,G2 MINNESOTA,19,4:13,0:16,2,,,,,,5_26_25
00:01:54.20,HARDPOINT,COLOSSUS,CLOUD9 NEW YORK,35,G2 MINNESOTA,19,4:13,0:12,2,,,,,,5_26_25
00:01:55.20,HARDPOINT,COLOSSUS,CLOUD9 NEW YORK,35,G2 MINNESOTA,19,4:12,0:11,2,,,,,,5_26_25
00:01:56.20,HARDPOINT,COLOSSUS,CLOUD9 NEW YORK,36,G2 MINNESOTA,19,4:12,0:10,2,,,,,,5_26_25
00:01:57.20,HARDPOINT,COLOSSUS,CLOUD9 NEW YORK,37,G2 MINNESOTA,19,4:12,0:09,2,,,,,MAJOR I QUALIFIERS - WEEK I,5_26_25
00:01:58.20,HARDPOINT,COLOSSUS,CLOUD9 NEW YORK,38,G2 MINNESOTA,19,4:12,0:08,2,,,,,MAJOR I QUALIFIERS - WEEK I,5_26_25
00:01:59.20,HARDPOINT,COLOSSUS,CLOUD9 NEW YORK,39,G2 MINNESOTA,19,4:12,0:07,2,,,,,MAJOR I QUALIFIERS - WEEK I,5_26_25
00:02:00.20,HARDPOINT,COLOSSUS,CLOUD9 NEW YORK,39,G2 MINNESOTA,19,4:11,0:06,2,,,,,MAJOR I QUALIFIERS - WEEK I,5_26_25
00:02:01.20,HARDPOINT,COLOSSUS,CLOUD9 NEW YORK,39,G2 MINNESOTA,19,4:11,0:05,2,,,,,MAJOR I QUALIFIERS - WEEK I,5_26_25
00:02:02.20,HARDPOINT,COLOSSUS,CLOUD9 NEW YORK,39,G2 MINNESOTA,20,4:11,0:04,2,,,,,MAJOR I QUALIFIERS - WEEK I,5_26_25
00:02:03.20,HARDPOINT,COLOSSUS,CLOUD9 NEW YORK,39,G2 MINNESOTA,21,4:11,0:03,2,,,,,MAJOR I QUALIFIERS - WEEK I,5_26_25
00:02:04.20,HARDPOINT,COLOSSUS,CLOUD9 NEW YORK,39,G2 MINNESOTA,22,4:11,0:02,2,,,,,,5_26_25
00:02:05.20,HARDPOINT,COLOSSUS,CLOUD9 NEW YORK,39,G2 MINNESOTA,23,4:11,0:01,2,,,,,,5_26_25
00:02:06.20,HARDPOINT,COLOSSUS,CLOUD9 NEW YORK,39,G2 MINNESOTA,23,4:10,0:00,2,,,,,,5_26_25
00:02:07.20,HARDPOINT,COLOSSUS,CLOUD9 NEW YORK,39,G2 MINNESOTA,23,4:09,0:00,2,,,,,,5_26_25
00:02:08.19,HARDPOINT,COLOSSUS,CLOUD9 NEW YORK,39,G2 MINNESOTA,23,4:08,0:59,3,,,,,NEW HARDPOINT,5_26_25
00:02:09.19,HARDPOINT,COLOSSUS,CLOUD9 NEW YORK,39,G2 MINNESOTA,24,4:08,0:58,3,,,,,NEW HARDPOINT,5_26_25
00:02:10.19,HARDPOINT,COLOSSUS,CLOUD9 NEW YORK,39,G2 MINNESOTA,25,4:08,0:57,3,,,,,NEW HARDPOINT,5_26_25
00:02:11.19,HARDPOINT,COLOSSUS,CLOUD9 NEW YORK,39,G2 MINNESOTA,26,4:08,0:56,3,,,,,,5_26_25
00:02:12.19,HARDPOINT,COLOSSUS,CLOUD9 NEW YORK,39,G2 MINNESOTA,27,4:08,0:55,3,,,,,,5_26_25
00:02:13.19,HARDPOINT,COLOSSUS,CLOUD9 NEW YORK,39,G2 MINNESOTA,28,4:08,0:54,3,,,,,,5_26_25
00:02:14.19,HARDPOINT,COLOSSUS,CLOUD9 NEW YORK,39,G2 MINNESOTA,29,4:08,0:53,3,,,,,,5_26_25
00:02:15.19,HARDPOINT,COLOSSUS,CLOUD9 NEW YORK,39,G2 MINNESOTA,29,4:07,0:52,3,,,,,,5_26_25
00:02:16.19,HARDPOINT,COLOSSUS,CLOUD9 NEW YORK,39,G2 MINNESOTA,29,4:06,0:51,3,,,,,,5_26_25
00:02:17.19,HARDPOINT,COLOSSUS,CLOUD9 NEW YORK,39,G2 MINNESOTA,29,4:06,0:50,3,,,,,,5_26_25
00:02:18.19,HARDPOINT,COLOSSUS,CLOUD9 NEW YORK,39,G2 MINNESOTA,30,4:06,0:49,3,,,,,,5_26_25
00:02:19.19,HARDPOINT,COLOSSUS,CLOUD9 NEW YORK,39,G2 MINNESOTA,31,4:06,0:48,3,,,,,,5_26_25
00:02:20.19,HARDPOINT,COLOSSUS,CLOUD9 NEW YORK,39,G2 MINNESOTA,32,4:06,0:47,3,,,,,,5_26_25
00:02:21.19,HARDPOINT,COLOSSUS,CLOUD9 NEW YORK,39,G2 MINNESOTA,33,4:06,0:46,3,,,,,,5_26_25
00:02:22.19,HARDPOINT,COLOSSUS,CLOUD9 NEW YORK,39,G2 MINNESOTA,34,4:06,0:45,3,,,,,MAJORIQUALIFIERS-WEEKI,5_26_25
00:02:23.19,HARDPOINT,COLOSSUS,CLOUD9 NEW YORK,39,G2 MINNESOTA,35,4:06,0:44,3,,,,,MAJOR I QUALIFIERS - WEEK I,5_26_25
00:02:24.19,HARDPOINT,COLOSSUS,CLOUD9 NEW YORK,39,G2 MINNESOTA,36,4:06,0:43,3,,,,,MAJOR I QUALIFIERS - WEEK I,5_26_25
00:02:25.19,HARDPOINT,COLOSSUS,CLOUD9 NEW YORK,39,G2 MINNESOTA,37,4:06,0:42,3,,,,,MAJOR I QUALIFIERS - WEEK I,5_26_25
00:02:26.19,HARDPOINT,COLOSSUS,CLOUD9 NEW YORK,39,G2 MINNESOTA,38,4:06,0:41,3,,,,,MAJOR I QUALIFIERS - WEEK I,5_26_25
00:02:27.19,HARDPOINT,COLOSSUS,CLOUD9 NEW YORK,39,G2 MINNESOTA,39,4:06,0:40,3,,,,,MAJOR I QUALIFIERS - WEEK I,5_26_25
00:02:28.19,HARDPOINT,COLOSSUS,CLOUD9 NEW YORK,39,G2 MINNESOTA,40,4:06,0:39,3,,,,,MAJOR I QUALIFIERS - WEEK I,5_26_25
00:02:29.19,HARDPOINT,COLOSSUS,CLOUD9 NEW YORK,39,G2 MINNESOTA,41,4:06,0:38,3,,,,,,5_26_25
00:02:30.19,HARDPOINT,COLOSSUS,CLOUD9 NEW YORK,39,G2 MINNESOTA,42,4:06,0:37,3,,,,,,5_26_25
00:02:31.19,HARDPOINT,COLOSSUS,CLOUD9 NEW YORK,39,G2 MINNESOTA,43,4:06,0:36,3,,,,,,5_26_25
00:02:32.19,HARDPOINT,COLOSSUS,CLOUD9 NEW YORK,39,G2 MINNESOTA,44,4:06,0:35,3,,,,,,5_26_25
00:02:33.19,HARDPOINT,COLOSSUS,CLOUD9 NEW YORK,39,G2 MINNESOTA,44,4:05,0:34,3,,,,,,5_26_25
00:02:34.19,HARDPOINT,COLOSSUS,CLOUD9 NEW YORK,39,G2 MINNESOTA,44,4:05,0:33,3,,,,,,5_26_25
00:02:35.19,HARDPOINT,COLOSSUS,CLOUD9 NEW YORK,39,G2 MINNESOTA,44,4:04,0:32,3,,,,,,5_26_25
00:02:36.19,HARDPOINT,COLOSSUS,CLOUD9 NEW YORK,39,G2 MINNESOTA,44,4:03,0:31,3,,,,,,5_26_25
00:02:37.19,HARDPOINT,COLOSSUS,CLOUD9 NEW YORK,39,G2 MINNESOTA,45,4:03,0:30,3,,,,,MAJOR I QUALIFIERS - WEEK I,5_26_25
00:02:38.19,HARDPOINT,COLOSSUS,CLOUD9 NEW YORK,39,G2 MINNESOTA,46,4:03,0:29,3,,,,,MAJOR I QUALIFIERS - WEEK I,5_26_25
00:02:39.19,HARDPOINT,COLOSSUS,CLOUD9 NEW YORK,39,G2 MINNESOTA,47,4:03,0:28,3,,,,,MAJOR I QUALIFIERS - WEEK I,5_26_25
00:02:40.19,HARDPOINT,COLOSSUS,CLOUD9 NEW YORK,39,G2 MINNESOTA,48,4:03,0:27,3,,,,,MAJOR I QUALIFIERS - WEEK I,5_26_25
00:02:41.19,HARDPOINT,COLOSSUS,CLOUD9 NEW YORK,39,G2 MINNESOTA,49,4:03,0:26,3,,,,,MAJOR I QUALIFIERS - WEEK I,5_26_25
00:02:42.19,HARDPOINT,COLOSSUS,CLOUD9 NEW YORK,39,G2 MINNESOTA,50,3:57,0:25,3,,,,,MAJOR I QUALIFIERS - WEEK I,5_26_25
00:02:43.19,HARDPOINT,COLOSSUS,CLOUD9 NEW YORK,39,G2 MINNESOTA,50,4:03,0:24,3,,,,,,5_26_25
00:02:44.19,HARDPOINT,COLOSSUS,CLOUD9 NEW YORK,39,G2 MINNESOTA,51,4:03,0:23,3,,,,,,5_26_25
00:02:45.19,HARDPOINT,COLOSSUS,CLOUD9 NEW YORK,39,G2 MINNESOTA,52,4:02,0:22,3,,,,,,5_26_25
00:02:46.19,HARDPOINT,COLOSSUS,CLOUD9 NEW YORK,39,G2 MINNESOTA,52,4:02,0:21,3,,,,,,5_26_25
00:02:47.19,HARDPOINT,COLOSSUS,CLOUD9 NEW YORK,40,G2 MINNESOTA,52,4:02,0:20,3,,,,,,5_26_25
00:02:48.19,HARDPOINT,COLOSSUS,CLOUD9 NEW YORK,41,G2 MINNESOTA,52,4:02,0:19,3,,,,,,5_26_25
00:02:49.19,HARDPOINT,COLOSSUS,CLOUD9 NEW YORK,42,G2 MINNESOTA,52,4:01,0:18,3,,,,,,5_26_25
00:02:50.19,HARDPOINT,COLOSSUS,CLOUD9 NEW YORK,42,G2 MINNESOTA,53,4:01,0:17,3,,,,,,5_26_25
00:02:51.19,HARDPOINT,COLOSSUS,CLOUD9 NEW YORK,42,G2 MINNESOTA,53,4:01,0:16,3,,,,,MAJOR I QUALIFIERS - WEEK I,5_26_25
00:02:52.19,HARDPOINT,COLOSSUS,CLOUD9 NEW YORK,42,G2 MINNESOTA,53,4:01,0:15,3,,,,,MAJOR I QUALIFIERS - WEEK I,5_26_25
00:02:53.19,HARDPOINT,COLOSSUS,CLOUD9 NEW YORK,42,G2 MINNESOTA,53,3:59,0:14,3,,,,,MAJOR I QUALIFIERS - WEEK I,5_26_25
00:02:54.19,HARDPOINT,COLOSSUS,CLOUD9 NEW YORK,42,G2 MINNESOTA,54,3:59,0:13,3,,,,,MAJOR I QUALIFIERS - WEEK I,5_26_25
00:02:55.19,HARDPOINT,COLOSSUS,CLOUD9 NEW YORK,42,G2 MINNESOTA,54,3:58,0:12,3,,,,,MAJOR I QUALIFIERS - WEEK I,5_26_25
00:02:56.19,HARDPOINT,COLOSSUS,CLOUD9 NEW YORK,42,G2 MINNESOTA,54,3:58,0:11,3,,,,,MAJOR I QUALIFIERS - WEEK I,5_26_25
00:02:57.19,HARDPOINT,COLOSSUS,CLOUD9 NEW YORK,43,G2 MINNESOTA,54,3:58,0:10,3,,,,,,5_26_25
00:02:58.19,HARDPOINT,COLOSSUS,CLOUD9 NEW YORK,44,G2 MINNESOTA,54,3:57,0:09,3,,,,,,5_26_25
00:02:59.19,HARDPOINT,COLOSSUS,CLOUD9 NEW YORK,44,G2 MINNESOTA,54,3:57,0:08,3,,,,,,5_26_25
00:03:00.19,HARDPOINT,COLOSSUS,CLOUD9 NEW YORK,45,G2 MINNESOTA,54,3:57,0:07,3,,,,,,5_26_25
00:03:01.19,HARDPOINT,COLOSSUS,CLOUD9 NEW YORK,46,G2 MINNESOTA,54,3:57,0:06,3,,,,,,5_26_25
00:03:02.19,HARDPOINT,COLOSSUS,CLOUD9 NEW YORK,47,G2 MINNESOTA,54,3:57,0:05,3,,,,,,5_26_25
00:03:03.19,HARDPOINT,COLOSSUS,CLOUD9 NEW YORK,48,G2 MINNESOTA,54,3:57,0:04,3,,,,,,5_26_25
00:03:04.19,HARDPOINT,COLOSSUS,CLOUD9 NEW YORK,49,G2 MINNESOTA,54,3:57,0:03,3,,,,,MAJOR I QUALIFIERS - WEEK I,5_26_25
00:03:05.19,HARDPOINT,COLOSSUS,CLOUD9 NEW YORK,50,G2 MINNESOTA,54,3:57,0:02,3,,,,,MAJOR I QUALIFIERS - WEEK I,5_26_25
00:03:06.19,HARDPOINT,COLOSSUS,CLOUD9 NEW YORK,51,G2 MINNESOTA,54,3:49,0:01,3,,,,,MAJOR I QUALIFIERS - WEEK I,5_26_25
00:03:07.19,HARDPOINT,COLOSSUS,CLOUD9 NEW YORK,51,G2 MINNESOTA,54,3:56,0:00,3,,,,,MAJOR I QUALIFIERS - WEEK I,5_26_25
00:03:08.19,HARDPOINT,COLOSSUS,CLOUD9 NEW YORK,51,G2 MINNESOTA,54,3:55,0:00,3,,,,,MAJOR I QUALIFIERS - WEEK I,5_26_25
00:03:09.19,HARDPOINT,COLOSSUS,CLOUD9 NEW YORK,51,G2 MINNESOTA,54,3:55,0:59,4,,,,,NEW HARDPOINT,5_26_25
00:03:10.19,HARDPOINT,COLOSSUS,CLOUD9 NEW YORK,52,G2 MINNESOTA,54,3:55,0:58,4,,,,,NEW HARDPOINT,5_26_25
00:03:11.19,HARDPOINT,COLOSSUS,CLOUD9 NEW YORK,53,G2 MINNESOTA,54,3:55,0:57,4,,,,,NEW HARDPOINT,5_26_25
00:03:12.19,HARDPOINT,COLOSSUS,CLOUD9 NEW YORK,54,G2 MINNESOTA,54,3:55,0:56,4,,LOUNGE,,,,5_26_25
00:03:13.19,HARDPOINT,COLOSSUS,CLOUD9 NEW YORK,55,G2 MINNESOTA,54,3:55,0:55,4,,LOUNGE,,,,5_26_25
00:03:14.19,HARDPOINT,COLOSSUS,CLOUD9 NEW YORK,56,G2 MINNESOTA,54,3:55,0:54,4,,LOUNGE,,,,5_26_25
00:03:15.19,HARDPOINT,COLOSSUS,CLOUD9 NEW YORK,57,G2 MINNESOTA,54,3:55,0:52,4,,LOUNGE,,,,5_26_25
00:03:16.19,HARDPOINT,COLOSSUS,CLOUD9 NEW YORK,58,G2 MINNESOTA,54,3:55,0:51,4,,,,,MAJOR I QUALIFIERS - WEEK I,5_26_25
00:03:17.19,HARDPOINT,COLOSSUS,CLOUD9 NEW YORK,59,G2 MINNESOTA,54,3:55,0:50,4,,,,,MAJOR I QUALIFIERS - WEEK I,5_26_25
00:03:18.19,HARDPOINT,COLOSSUS,CLOUD9 NEW YORK,60,G2 MINNESOTA,54,3:55,0:49,4,,,,,MAJOR I QUALIFIERS - WEEK I,5_26_25
00:03:19.19,HARDPOINT,COLOSSUS,CLOUD9 NEW YORK,61,G2 MINNESOTA,54,3:55,0:48,4,,,,,MAJOR I QUALIFIERS - WEEK I,5_26_25
00:03:20.19,HARDPOINT,COLOSSUS,CLOUD9 NEW YORK,62,G2 MINNESOTA,54,3:55,0:47,4,,,,,MAJOR I QUALIFIERS - WEEK I,5_26_25
00:03:21.19,HARDPOINT,COLOSSUS,CLOUD9 NEW YORK,63,G2 MINNESOTA,54,3:55,0:46,4,,,,,MAJOR I QUALIFIERS - WEEK I,5_26_25
00:03:22.19,HARDPOINT,COLOSSUS,CLOUD9 NEW YORK,64,G2 MINNESOTA,54,3:55,0:45,4,,,,,MAJOR I QUALIFIERS - WEEK I,5_26_25
00:03:23.19,HARDPOINT,COLOSSUS,CLOUD9 NEW YORK,64,G2 MINNESOTA,54,3:54,0:44,4,,,,,,5_26_25
00:03:24.19,HARDPOINT,COLOSSUS,CLOUD9 NEW YORK,64,G2 MINNESOTA,54,3:53,0:43,4,,,,,,5_26_25
00:03:25.19,HARDPOINT,COLOSSUS,CLOUD9 NEW YORK,64,G2 MINNESOTA,54,3:52,0:42,4,,,,,,5_26_25
00:03:26.19,HARDPOINT,COLOSSUS,CLOUD9 NEW YORK,64,G2 MINNESOTA,55,3:52,0:41,4,,,,,,5_26_25
00:03:27.19,HARDPOINT,COLOSSUS,CLOUD9 NEW YORK,64,G2 MINNESOTA,56,3:52,0:40,4,,,,,,5_26_25
00:03:28.19,HARDPOINT,COLOSSUS,CLOUD9 NEW YORK,64,G2 MINNESOTA,57,3:52,0:39,4,,,,,,5_26_25
00:03:29.19,HARDPOINT,COLOSSUS,CLOUD9 NEW YORK,64,G2 MINNESOTA,58,3:52,0:38,4,,,,,,5_26_25
00:03:30.19,HARDPOINT,COLOSSUS,CLOUD9 NEW YORK,64,G2 MINNESOTA,59,3:52,0:37,4,,,,,MAJOR I QUALIFIERS - WEEK I,5_26_25
00:03:31.19,HARDPOINT,COLOSSUS,CLOUD9 NEW YORK,64,G2 MINNESOTA,60,3:52,0:36,4,,,,,MAJOR I QUALIFIERS - WEEK I,5_26_25
00:03:32.19,HARDPOINT,COLOSSUS,CLOUD9 NEW YORK,64,G2 MINNESOTA,61,3:52,0:35,4,,,,,MAJOR I QUALIFIERS - WEEK I,5_26_25
00:03:33.19,HARDPOINT,COLOSSUS,CLOUD9 NEW YORK,64,G2 MINNESOTA,62,3:52,0:34,4,,,,,MAJOR I QUALIFIERS - WEEK I,5_26_25
00:03:34.19,HARDPOINT,COLOSSUS,CLOUD9 NEW YORK,64,G2 MINNESOTA,63,3:52,0:33,4,,,,,MAJOR I QUALIFIERS - WEEK I,5_26_25
00:03:35.19,HARDPOINT,COLOSSUS,CLOUD9 NEW YORK,64,G2 MINNESOTA,64,3:52,0:32,4,,,,,MAJOR I QUALIFIERS - WEEK I,5_26_25
00:03:36.19,HARDPOINT,COLOSSUS,CLOUD9 NEW YORK,64,G2 MINNESOTA,65,3:52,0:31,4,,,,,MAJOR I QUALIFIERS - WEEK I,5_26_25
00:03:37.19,HARDPOINT,COLOSSUS,CLOUD9 NEW YORK,64,G2 MINNESOTA,66,3:52,0:30,4,,,,,,5_26_25
00:03:38.19,HARDPOINT,COLOSSUS,CLOUD9 NEW YORK,64,G2 MINNESOTA,67,3:52,0:29,4,,,,,,5_26_25
00:03:39.19,HARDPOINT,COLOSSUS,CLOUD9 NEW YORK,64,G2 MINNESOTA,68,3:52,0:28,4,,,,,,5_26_25
00:03:40.19,HARDPOINT,COLOSSUS,CLOUD9 NEW YORK,64,G2 MINNESOTA,69,3:52,0:27,4,,,,,,5_26_25
00:03:41.19,HARDPOINT,COLOSSUS,CLOUD9 NEW YORK,64,G2 MINNESOTA,70,3:52,0:26,4,,,,,,5_26_25
00:03:42.19,HARDPOINT,COLOSSUS,CLOUD9 NEW YORK,64,G2 MINNESOTA,71,3:52,0:25,4,,,,,,5_26_25
00:03:43.19,HARDPOINT,COLOSSUS,CLOUD9 NEW YORK,64,G2 MINNESOTA,72,3:52,0:24,4,,,,,,5_26_25
00:03:44.19,HARDPOINT,COLOSSUS,CLOUD9 NEW YORK,64,G2 MINNESOTA,73,3:52,0:23,4,,,,,MAJOR I QUALIFIERS - WEEK I,5_26_25
00:03:45.19,HARDPOINT,COLOSSUS,CLOUD9 NEW YORK,64,G2 MINNESOTA,74,3:52,0:22,4,,,,,MAJOR I QUALIFIERS - WEEK I,5_26_25
00:03:46.19,HARDPOINT,COLOSSUS,CLOUD9 NEW YORK,64,G2 MINNESOTA,75,3:52,0:21,4,,,,,MAJOR I QUALIFIERS - WEEK I,5_26_25
00:03:47.19,HARDPOINT,COLOSSUS,CLOUD9 NEW YORK,64,G2 MINNESOTA,76,3:52,0:20,4,,,,,MAJOR I QUALIFIERS - WEEK I,5_26_25
00:03:48.19,HARDPOINT,COLOSSUS,CLOUD9 NEW YORK,64,G2 MINNESOTA,77,3:52,0:19,4,,,,,MAJOR I QUALIFIERS - WEEK I,5_26_25
00:03:49.19,HARDPOINT,COLOSSUS,CLOUD9 NEW YORK,64,G2 MINNESOTA,78,3:52,0:18,4,,,,,MAJOR I QUALIFIERS - WEEK I,5_26_25
00:03:50.19,HARDPOINT,COLOSSUS,CLOUD9 NEW YORK,64,G2 MINNESOTA,79,3:52,0:17,4,,,,,MAJOR I QUALIFIERS - WEEK I,5_26_25
00:03:51.19,HARDPOINT,COLOSSUS,CLOUD9 NEW YORK,64,G2 MINNESOTA,79,3:52,0:16,4,,,,,,5_26_25
00:03:52.19,HARDPOINT,COLOSSUS,CLOUD9 NEW YORK,64,G2 MINNESOTA,80,3:52,0:15,4,,,,,,5_26_25
00:03:53.19,HARDPOINT,COLOSSUS,CLOUD9 NEW YORK,64,G2 MINNESOTA,81,3:52,0:14,4,,,,,,5_26_25
00:03:54.19,HARDPOINT,COLOSSUS,CLOUD9 NEW YORK,64,G2 MINNESOTA,82,3:52,0:13,4,,,,,,5_26_25
00:03:55.19,HARDPOINT,COLOSSUS,CLOUD9 NEW YORK,64,G2 MINNESOTA,83,3:52,0:12,4,,,,,,5_26_25
00:03:56.19,HARDPOINT,COLOSSUS,CLOUD9 NEW YORK,64,G2 MINNESOTA,84,3:52,0:11,4,,,,,,5_26_25
00:03:57.19,HARDPOINT,COLOSSUS,CLOUD9 NEW YORK,64,G2 MINNESOTA,85,3:52,0:10,4,,,,,,5_26_25
00:03:58.19,HARDPOINT,COLOSSUS,CLOUD9 NEW YORK,64,G2 MINNESOTA,86,3:52,0:09,4,,,,,MAJOR I QUALIFIERS - WEEK I,5_26_25
00:03:59.19,HARDPOINT,COLOSSUS,CLOUD9 NEW YORK,64,G2 MINNESOTA,87,3:52,0:08,4,,,,,MAJOR I QUALIFIERS - WEEK I,5_26_25
00:04:00.19,HARDPOINT,COLOSSUS,CLOUD9 NEW YORK,64,G2 MINNESOTA,88,3:52,0:07,4,,,,,MAJOR I QUALIFIERS - WEEK I,5_26_25
00:04:01.19,HARDPOINT,COLOSSUS,CLOUD9 NEW YORK,64,G2 MINNESOTA,89,3:52,0:06,4,,,,,MAJOR I QUALIFIERS - WEEK I,5_26_25
00:04:02.19,HARDPOINT,COLOSSUS,CLOUD9 NEW YORK,64,G2 MINNESOTA,90,3:52,0:05,4,,,,,MAJOR I QUALIFIERS - WEEK I,5_26_25
00:04:03.19,HARDPOINT,COLOSSUS,CLOUD9 NEW YORK,64,G2 MINNESOTA,90,3:51,0:04,4,,,,,MAJOR I QUALIFIERS - WEEK I,5_26_25
00:04:04.19,HARDPOINT,COLOSSUS,CLOUD9 NEW YORK,64,G2 MINNESOTA,90,3:50,0:03,4,,,,,MAJOR I QUALIFIERS - WEEK I,5_26_25
00:04:05.19,HARDPOINT,COLOSSUS,CLOUD9 NEW YORK,64,G2 MINNESOTA,90,3:50,0:02,4,,,,,,5_26_25
00:04:06.19,HARDPOINT,COLOSSUS,CLOUD9 NEW YORK,64,G2 MINNESOTA,91,3:50,0:01,4,,,,,,5_26_25
00:04:07.19,HARDPOINT,COLOSSUS,CLOUD9 NEW YORK,64,G2 MINNESOTA,92,3:50,0:00,4,,,,,,5_26_25
00:04:08.19,HARDPOINT,COLOSSUS,CLOUD9 NEW YORK,64,G2 MINNESOTA,92,3:49,0:00,4,,,,,,5_26_25
00:04:09.19,HARDPOINT,COLOSSUS,CLOUD9 NEW YORK,64,G2 MINNESOTA,92,3:48,0:59,5,,,,,,5_26_25
00:04:10.19,HARDPOINT,COLOSSUS,CLOUD9 NEW YORK,64,G2 MINNESOTA,92,3:47,0:58,5,,,,,NEW HARDPOINT,5_26_25
00:04:11.19,HARDPOINT,COLOSSUS,CLOUD9 NEW YORK,64,G2 MINNESOTA,93,3:47,0:57,5,,,,,NEW HARDPOINT,5_26_25
00:04:12.19,HARDPOINT,COLOSSUS,CLOUD9 NEW YORK,64,G2 MINNESOTA,94,3:47,0:56,5,,,,,NEW HARDPOINT,5_26_25
00:04:13.19,HARDPOINT,COLOSSUS,CLOUD9 NEW YORK,64,G2 MINNESOTA,95,3:47,0:55,5,,,,,,5_26_25
00:04:14.19,HARDPOINT,COLOSSUS,CLOUD9 NEW YORK,64,G2 MINNESOTA,95,3:47,0:54,5,,,,,,5_26_25
00:04:15.19,HARDPOINT,COLOSSUS,CLOUD9 NEW YORK,64,G2 MINNESOTA,95,3:46,0:53,5,,,,,,5_26_25
00:04:16.19,HARDPOINT,COLOSSUS,CLOUD9 NEW YORK,64,G2 MINNESOTA,96,3:46,0:52,5,,,,,,5_26_25
00:04:17.19,HARDPOINT,COLOSSUS,CLOUD9 NEW YORK,64,G2 MINNESOTA,97,3:46,0:51,5,,,,,,5_26_25
00:04:18.19,HARDPOINT,COLOSSUS,CLOUD9 NEW YORK,64,G2 MINNESOTA,98,3:46,0:50,5,,,,,,5_26_25
00:04:19.19,HARDPOINT,COLOSSUS,CLOUD9 NEW YORK,64,G2 MINNESOTA,99,3:46,0:49,5,,,,,,5_26_25
00:04:20.19,HARDPOINT,COLOSSUS,CLOUD9 NEW YORK,64,G2 MINNESOTA,100,3:46,0:48,5,,,,,,5_26_25
00:04:21.19,HARDPOINT,COLOSSUS,CLOUD9 NEW YORK,64,G2 MINNESOTA,100,3:46,0:47,5,,,,,,5_26_25
00:04:22.19,HARDPOINT,COLOSSUS,CLOUD9 NEW YORK,64,G2 MINNESOTA,101,3:46,0:46,5,,,,,,5_26_25
00:04:23.19,HARDPOINT,COLOSSUS,CLOUD9 NEW YORK,64,G2 MINNESOTA,102,3:46,0:45,5,,,,,,5_26_25
00:04:24.19,HARDPOINT,COLOSSUS,CLOUD9 NEW YORK,64,G2 MINNESOTA,103,3:46,0:44,5,,,,,MAJOR I QUALIFIERS - WEEK I,5_26_25
00:04:25.19,HARDPOINT,COLOSSUS,CLOUD9 NEW YORK,64,G2 MINNESOTA,104,3:46,0:43,5,,,,,MAJOR I QUALIFIERS - WEEK I,5_26_25
00:04:26.19,HARDPOINT,COLOSSUS,CLOUD9 NEW YORK,64,G2 MINNESOTA,105,3:45,0:42,5,,,,,MAJOR I QUALIFIERS - WEEK I,5_26_25
00:04:27.19,HARDPOINT,COLOSSUS,CLOUD9 NEW YORK,65,G2 MINNESOTA,105,3:45,0:41,5,,,,,MAJOR I QUALIFIERS - WEEK I,5_26_25
00:04:28.19,HARDPOINT,COLOSSUS,CLOUD9 NEW YORK,66,G2 MINNESOTA,105,3:45,0:40,5,,,,,MAJOR I QUALIFIERS - WEEK I,5_26_25
00:04:29.19,HARDPOINT,COLOSSUS,CLOUD9 NEW YORK,67,G2 MINNESOTA,105,3:45,0:39,5,,,,,MAJOR I QUALIFIERS - WEEK I,5_26_25
00:04:30.19,HARDPOINT,COLOSSUS,CLOUD9 NEW YORK,68,G2 MINNESOTA,105,3:45,0:38,5,,,,,MAJOR I QUALIFIERS - WEEK I,5_26_25
00:04:31.19,HARDPOINT,COLOSSUS,CLOUD9 NEW YORK,69,G2 MINNESOTA,105,3:45,0:37,5,,,,,,5_26_25
00:04:32.19,HARDPOINT,COLOSSUS,CLOUD9 NEW YORK,70,G2 MINNESOTA,105,3:45,0:36,5,,,,,,5_26_25
00:04:33.19,HARDPOINT,COLOSSUS,CLOUD9 NEW YORK,71,G2 MINNESOTA,105,3:45,0:35,5,,,,,,5_26_25
00:04:34.19,HARDPOINT,COLOSSUS,CLOUD9 NEW YORK,72,G2 MINNESOTA,105,3:45,0:34,5,,,,,,5_26_25
00:04:35.19,HARDPOINT,COLOSSUS,CLOUD9 NEW YORK,73,G2 MINNESOTA,105,3:45,0:33,5,,,,,,5_26_25
00:04:36.19,HARDPOINT,COLOSSUS,CLOUD9 NEW YORK,74,G2 MINNESOTA,105,3:45,0:32,5,,,,,,5_26_25
00:04:37.19,HARDPOINT,COLOSSUS,CLOUD9 NEW YORK,74,G2 MINNESOTA,105,3:44,0:31,5,,,,,,5_26_25
00:04:38.19,HARDPOINT,COLOSSUS,CLOUD9 NEW YORK,74,G2 MINNESOTA,105,3:44,0:30,5,,,,,MAJOR I QUALIFIERS - WEEK I,5_26_25
00:04:39.19,HARDPOINT,COLOSSUS,CLOUD9 NEW YORK,75,G2 MINNESOTA,105,3:44,0:29,5,,,,,MAJOR I QUALIFIERS - WEEK I,5_26_25
00:04:40.19,HARDPOINT,COLOSSUS,CLOUD9 NEW YORK,76,G2 MINNESOTA,105,3:44,0:28,5,,,,,MAJOR I QUALIFIERS - WEEK I,5_26_25
00:04:41.19,HARDPOINT,COLOSSUS,CLOUD9 NEW YORK,77,G2 MINNESOTA,105,3:44,0:27,5,,,,,MAJOR I QUALIFIERS - WEEK I,5_26_25
00:04:42.19,HARDPOINT,COLOSSUS,CLOUD9 NEW YORK,78,G2 MINNESOTA,105,3:44,0:27,5,,,,,MAJOR I QUALIFIERS - WEEK I,5_26_25
00:04:43.19,HARDPOINT,COLOSSUS,CLOUD9 NEW YORK,78,G2 MINNESOTA,105,3:44,0:25,5,,,,,MAJOR I QUALIFIERS - WEEK I,5_26_25
00:04:44.19,HARDPOINT,COLOSSUS,CLOUD9 NEW YORK,78,G2 MINNESOTA,106,3:44,0:24,5,,,,,MAJOR I QUALIFIERS - WEEK I,5_26_25
00:04:45.19,HARDPOINT,COLOSSUS,CLOUD9 NEW YORK,78,G2 MINNESOTA,107,3:44,0:23,5,,,,,,5_26_25
00:04:46.19,HARDPOINT,COLOSSUS,CLOUD9 NEW YORK,78,G2 MINNESOTA,108,3:44,0:22,5,,,,,,5_26_25
00:04:47.19,HARDPOINT,COLOSSUS,CLOUD9 NEW YORK,78,G2 MINNESOTA,109,3:43,0:21,5,,,,,,5_26_25
00:04:48.19,HARDPOINT,COLOSSUS,CLOUD9 NEW YORK,78,G2 MINNESOTA,109,3:42,0:20,5,,,,,,5_26_25
00:04:49.19,HARDPOINT,COLOSSUS,CLOUD9 NEW YORK,78,G2 MINNESOTA,109,3:42,0.19,5,,,,,,5_26_25
00:04:50.19,HARDPOINT,COLOSSUS,CLOUD9 NEW YORK,78,G2 MINNESOTA,110,3:42,0:18,5,,,,,,5_26_25
00:04:51.19,HARDPOINT,COLOSSUS,CLOUD9 NEW YORK,78,G2 MINNESOTA,111,3:42,0:17,5,,,,,,5_26_25
00:04:52.19,HARDPOINT,COLOSSUS,CLOUD9 NEW YORK,78,G2 MINNESOTA,112,3:42,0:16,5,,,,,MAJOR I QUALIFIERS - WEEK I,5_26_25
00:04:53.19,HARDPOINT,COLOSSUS,CLOUD9 NEW YORK,78,G2 MINNESOTA,113,3:42,0:15,5,,,,,MAJOR I QUALIFIERS - WEEK I,5_26_25
00:04:54.19,HARDPOINT,COLOSSUS,CLOUD9 NEW YORK,78,G2 MINNESOTA,114,3:42,0:14,5,,,,,MAJOR I QUALIFIERS - WEEK I,5_26_25
00:04:55.19,HARDPOINT,COLOSSUS,CLOUD9 NEW YORK,78,G2 MINNESOTA,115,3:42,0:13,5,,,,,MAJOR I QUALIFIERS - WEEK I,5_26_25
00:04:56.19,HARDPOINT,COLOSSUS,CLOUD9 NEW YORK,78,G2 MINNESOTA,116,3:42,0:12,5,,,,,MAJOR I QUALIFIERS - WEEK I,5_26_25
00:04:57.19,HARDPOINT,COLOSSUS,CLOUD9 NEW YORK,78,G2 MINNESOTA,117,3:42,0:11,5,,,,,MAJOR I QUALIFIERS - WEEK I,5_26_25
00:04:58.19,HARDPOINT,COLOSSUS,CLOUD9 NEW YORK,78,G2 MINNESOTA,118,3:42,0:10,5,,,,,MAJOR I QUALIFIERS - WEEK I,5_26_25
00:04:59.19,HARDPOINT,COLOSSUS,CLOUD9 NEW YORK,78,G2 MINNESOTA,119,3:42,0:09,5,,,,,,5_26_25
00:05:00.19,HARDPOINT,COLOSSUS,CLOUD9 NEW YORK,78,G2 MINNESOTA,120,3:42,0:08,5,,,,,,5_26_25
00:05:01.19,HARDPOINT,COLOSSUS,CLOUD9 NEW YORK,78,G2 MINNESOTA,121,3:42,0:07,5,,,,,,5_26_25
00:05:02.19,HARDPOINT,COLOSSUS,CLOUD9 NEW YORK,78,G2 MINNESOTA,121,3:41,0:06,5,,,,,,5_26_25
00:05:03.19,HARDPOINT,COLOSSUS,CLOUD9 NEW YORK,78,G2 MINNESOTA,121,3:40,0:05,5,,,,,,5_26_25
00:05:04.19,HARDPOINT,COLOSSUS,CLOUD9 NEW YORK,78,G2 MINNESOTA,121,3:39,0:04,5,,,,,,5_26_25
00:05:05.19,HARDPOINT,COLOSSUS,CLOUD9 NEW YORK,78,G2 MINNESOTA,121,3:38,0:03,5,,,,,,5_26_25
00:05:06.19,HARDPOINT,COLOSSUS,CLOUD9 NEW YORK,78,G2 MINNESOTA,121,3:37,0:02,5,,,,,MAJOR I QUALIFIERS - WEEK I,5_26_25
00:05:07.19,HARDPOINT,COLOSSUS,CLOUD9 NEW YORK,78,G2 MINNESOTA,121,3:36,0:01,5,,,,,MAJOR I QUALIFIERS - WEEK I,5_26_25
00:05:08.19,HARDPOINT,COLOSSUS,CLOUD9 NEW YORK,78,G2 MINNESOTA,121,3:35,0:00,5,,,,,MAJOR I QUALIFIERS - WEEK I,5_26_25
00:05:09.19,HARDPOINT,COLOSSUS,CLOUD9 NEW YORK,78,G2 MINNESOTA,121,3:34,0:00,5,,,,,MAJOR I QUALIFIERS - WEEK I,5_26_25
00:05:10.19,HARDPOINT,COLOSSUS,CLOUD9 NEW YORK,78,G2 MINNESOTA,121,3:33,0:59,6,,,,,NEW HARDPOINT,5_26_25
00:05:11.19,HARDPOINT,COLOSSUS,CLOUD9 NEW YORK,78,G2 MINNESOTA,122,3:33,0:58,6,,,,,NEWHARDPOINT,5_26_25
00:05:12.19,HARDPOINT,COLOSSUS,CLOUD9 NEW YORK,78,G2 MINNESOTA,123,3:33,0:57,6,,,,,NEWHARDPOINT,5_26_25
00:05:13.19,HARDPOINT,COLOSSUS,CLOUD9 NEW YORK,78,G2 MINNESOTA,124,3:33,0:56,6,,,,,NEWHARDPOINT,5_26_25
00:05:14.19,HARDPOINT,COLOSSUS,CLOUD9 NEW YORK,78,G2 MINNESOTA,125,3:33,0:55,6,,,,,,5_26_25
00:05:15.19,HARDPOINT,COLOSSUS,CLOUD9 NEW YORK,78,G2 MINNESOTA,126,3:33,0:54,6,,,,,,5_26_25
00:05:16.19,HARDPOINT,COLOSSUS,CLOUD9 NEW YORK,78,G2 MINNESOTA,127,3:33,0:53,6,,,,,,5_26_25
00:05:17.19,HARDPOINT,COLOSSUS,CLOUD9 NEW YORK,78,G2 MINNESOTA,128,3:33,0:52,6,,,,,,5_26_25
00:05:18.19,HARDPOINT,COLOSSUS,CLOUD9 NEW YORK,78,G2 MINNESOTA,129,3:33,0:51,6,,,,,MAJOR I QUALIFIERS - WEEK I,5_26_25
00:05:19.19,HARDPOINT,COLOSSUS,CLOUD9 NEW YORK,78,G2 MINNESOTA,130,3:33,0:50,6,,,,,MAJOR I QUALIFIERS - WEEK I,5_26_25
00:05:20.19,HARDPOINT,COLOSSUS,CLOUD9 NEW YORK,78,G2 MINNESOTA,131,3:33,0:49,6,,,,,MAJOR I QUALIFIERS - WEEK I,5_26_25
00:05:21.19,HARDPOINT,COLOSSUS,CLOUD9 NEW YORK,78,G2 MINNESOTA,132,3:33,0:48,6,,,,,MAJOR I QUALIFIERS - WEEK I,5_26_25
00:05:22.19,HARDPOINT,COLOSSUS,CLOUD9 NEW YORK,78,G2 MINNESOTA,133,3:33,0:47,6,,,,,MAJOR I QUALIFIERS - WEEK I,5_26_25
00:05:23.19,HARDPOINT,COLOSSUS,CLOUD9 NEW YORK,78,G2 MINNESOTA,134,3:33,0:46,6,,,,,MAJOR I QUALIFIERS - WEEK I,5_26_25
00:05:24.19,HARDPOINT,COLOSSUS,CLOUD9 NEW YORK,78,G2 MINNESOTA,134,3:33,0:46,6,,,,,MAJOR I QUALIFIERS - WEEK I,5_26_25
00:05:25.19,HARDPOINT,COLOSSUS,CLOUD9 NEW YORK,78,G2 MINNESOTA,134,3:32,0:46,6,,,,,,5_26_25
00:05:26.19,HARDPOINT,COLOSSUS,CLOUD9 NEW YORK,78,G2 MINNESOTA,134,3:32,0:43,6,,,,,,5_26_25
00:05:27.19,HARDPOINT,COLOSSUS,CLOUD9 NEW YORK,79,G2 MINNESOTA,134,3:32,0:42,6,,,,,,5_26_25
00:05:28.19,HARDPOINT,COLOSSUS,CLOUD9 NEW YORK,80,G2 MINNESOTA,134,3:32,0:41,6,,,,,,5_26_25
00:05:29.19,HARDPOINT,COLOSSUS,CLOUD9 NEW YORK,81,G2 MINNESOTA,134,3:32,0:40,6,,,,,,5_26_25
00:05:30.19,HARDPOINT,COLOSSUS,CLOUD9 NEW YORK,82,G2 MINNESOTA,134,3:32,0:39,6,,,,,,5_26_25
00:05:31.19,HARDPOINT,COLOSSUS,CLOUD9 NEW YORK,83,G2 MINNESOTA,134,3:32,0:38,6,,,,,,5_26_25
00:05:32.19,HARDPOINT,COLOSSUS,CLOUD9 NEW YORK,84,G2 MINNESOTA,134,3:32,0:37,6,,,,,MAJOR I QUALIFIERS - WEEK I,5_26_25
00:05:33.19,HARDPOINT,COLOSSUS,CLOUD9 NEW YORK,85,G2 MINNESOTA,134,3:32,0:36,6,,,,,MAJOR I QUALIFIERS - WEEK I,5_26_25
00:05:34.19,HARDPOINT,COLOSSUS,CLOUD9 NEW YORK,86,G2 MINNESOTA,134,3:32,0:35,6,,,,,MAJOR I QUALIFIERS - WEEK I,5_26_25
00:05:35.19,HARDPOINT,COLOSSUS,CLOUD9 NEW YORK,87,G2 MINNESOTA,134,3:32,0:34,6,,,,,MAJOR I QUALIFIERS - WEEK I,5_26_25
00:05:36.19,HARDPOINT,COLOSSUS,CLOUD9 NEW YORK,88,G2 MINNESOTA,134,3:32,0:33,6,,,,,MAJOR I QUALIFIERS - WEEK I,5_26_25
00:05:37.19,HARDPOINT,COLOSSUS,CLOUD9 NEW YORK,89,G2 MINNESOTA,134,3:32,0:32,6,,,,,MAJOR I QUALIFIERS - WEEK I,5_26_25
00:05:38.19,HARDPOINT,COLOSSUS,CLOUD9 NEW YORK,90,G2 MINNESOTA,134,3:32,0:31,6,,,,,MAJOR I QUALIFIERS - WEEK I,5_26_25
00:05:39.19,HARDPOINT,COLOSSUS,CLOUD9 NEW YORK,91,G2 MINNESOTA,134,3:32,0:30,6,,,,,,5_26_25
00:05:40.19,HARDPOINT,COLOSSUS,CLOUD9 NEW YORK,92,G2 MINNESOTA,134,3:32,0:29,6,,,,,,5_26_25
00:05:41.19,HARDPOINT,COLOSSUS,CLOUD9 NEW YORK,93,G2 MINNESOTA,134,3:32,0:28,6,,,,,,5_26_25
00:05:42.19,HARDPOINT,COLOSSUS,CLOUD9 NEW YORK,94,G2 MINNESOTA,134,3:32,0:27,6,,,,,,5_26_25
00:05:43.19,HARDPOINT,COLOSSUS,CLOUD9 NEW YORK,95,G2 MINNESOTA,134,3:32,0:26,6,,,,,,5_26_25
00:05:44.19,HARDPOINT,COLOSSUS,CLOUD9 NEW YORK,96,G2 MINNESOTA,134,3:32,0:25,6,,,,MACK - KILLINGSPREE,,5_26_25
00:05:45.19,HARDPOINT,COLOSSUS,CLOUD9 NEW YORK,97,G2 MINNESOTA,134,3:32,0:24,6,,,,MACK - KILLINGSPREE,,5_26_25
00:05:46.19,HARDPOINT,COLOSSUS,CLOUD9 NEW YORK,98,G2 MINNESOTA,134,3:32,0:23,6,,,,MACK - KILLINGSPREE,,5_26_25
00:05:47.19,HARDPOINT,COLOSSUS,CLOUD9 NEW YORK,99,G2 MINNESOTA,134,3:32,0:22,6,,,MACK - MULTIKILL,,,5_26_25
00:05:48.19,HARDPOINT,COLOSSUS,CLOUD9 NEW YORK,100,G2 MINNESOTA,134,3:32,0:21,6,,,MACK - MULTIKILL,,,5_26_25
00:05:49.19,HARDPOINT,COLOSSUS,CLOUD9 NEW YORK,101,G2 MINNESOTA,134,3:32,0:20,6,,,MACK - MULTIKILL,,,5_26_25
00:05:50.19,HARDPOINT,COLOSSUS,CLOUD9 NEW YORK,102,G2 MINNESOTA,134,3:32,0:19,6,,,MACK - MULTIKILL,,,5_26_25
00:05:51.19,HARDPOINT,COLOSSUS,CLOUD9 NEW YORK,103,G2 MINNESOTA,134,3:32,0:18,6,,,,,,5_26_25
00:05:52.19,HARDPOINT,COLOSSUS,CLOUD9 NEW YORK,104,G2 MINNESOTA,134,3:32,0:17,6,,,,,,5_26_25
00:05:53.19,HARDPOINT,COLOSSUS,CLOUD9 NEW YORK,105,G2 MINNESOTA,134,3:32,0:16,6,,,,,,5_26_25
00:05:54.19,HARDPOINT,COLOSSUS,CLOUD9 NEW YORK,106,G2 MINNESOTA,134,3:32,0:15,6,,,,,,5_26_25
00:05:55.19,HARDPOINT,COLOSSUS,CLOUD9 NEW YORK,107,G2 MINNESOTA,134,3:32,0:14,6,,,,,,5_26_25
00:05:56.19,HARDPOINT,COLOSSUS,CLOUD9 NEW YORK,108,G2 MINNESOTA,134,3:32,0:13,6,,,,,,5_26_25
00:05:57.19,HARDPOINT,COLOSSUS,CLOUD9 NEW YORK,109,G2 MINNESOTA,134,3:32,0:12,6,,,,,,5_26_25
00:05:58.19,HARDPOINT,COLOSSUS,CLOUD9 NEW YORK,110,G2 MINNESOTA,134,3:32,0:11,6,,,,,MAJOR I QUALIFIERS - WEEK I,5_26_25
00:05:59.19,HARDPOINT,COLOSSUS,CLOUD9 NEW YORK,110,G2 MINNESOTA,134,3:31,0:10,6,,,,,MAJOR I QUALIFIERS - WEEK I,5_26_25
00:06:00.19,HARDPOINT,COLOSSUS,CLOUD9 NEW YORK,111,G2 MINNESOTA,134,3:31,0:09,6,,,,,MAJOR I QUALIFIERS - WEEK I,5_26_25
00:06:01.19,HARDPOINT,COLOSSUS,CLOUD9 NEW YORK,112,G2 MINNESOTA,134,3:31,0:08,6,,,,,MAJOR I QUALIFIERS - WEEK I,5_26_25
00:06:02.19,HARDPOINT,COLOSSUS,CLOUD9 NEW YORK,113,G2 MINNESOTA,134,3:31,0:07,6,,,,,MAJOR I QUALIFIERS - WEEK I,5_26_25
00:06:03.19,HARDPOINT,COLOSSUS,CLOUD9 NEW YORK,114,G2 MINNESOTA,134,3:31,0:06,6,,,,,MAJOR I QUALIFIERS - WEEK I,5_26_25
00:06:04.19,HARDPOINT,COLOSSUS,CLOUD9 NEW YORK,115,G2 MINNESOTA,134,3:31,0:05,6,,,,,MAJOR I QUALIFIERS - WEEK I,5_26_25
00:06:05.19,HARDPOINT,COLOSSUS,CLOUD9 NEW YORK,116,G2 MINNESOTA,134,3:31,0:04,6,,,,,,5_26_25
00:06:06.19,HARDPOINT,COLOSSUS,CLOUD9 NEW YORK,116,G2 MINNESOTA,134,3:30,0:03,6,,,,,,5_26_25
00:06:07.19,HARDPOINT,COLOSSUS,CLOUD9 NEW YORK,117,G2 MINNESOTA,134,3:30,0:02,6,,,,,,5_26_25
00:06:08.19,HARDPOINT,COLOSSUS,CLOUD9 NEW YORK,117,G2 MINNESOTA,134,3:30,0:01,6,,,,,,5_26_25
00:06:09.19,HARDPOINT,COLOSSUS,CLOUD9 NEW YORK,117,G2 MINNESOTA,134,3:29,0:00,6,,,,,,5_26_25
00:06:10.19,HARDPOINT,COLOSSUS,CLOUD9 NEW YORK,117,G2 MINNESOTA,134,3:28,0:00,6,,,,,,5_26_25
00:06:11.19,HARDPOINT,COLOSSUS,CLOUD9 NEW YORK,117,G2 MINNESOTA,134,3:27,0:59,7,,,,,NEW HARDPOINT,5_26_25
00:06:12.19,HARDPOINT,COLOSSUS,CLOUD9 NEW YORK,118,G2 MINNESOTA,134,3:27,0:58,7,,,,,NEW HARDPOINT,5_26_25
00:06:13.19,HARDPOINT,COLOSSUS,CLOUD9 NEW YORK,118,G2 MINNESOTA,134,3:26,0:57,7,,,,,NEW HARDPOINT,5_26_25
00:06:14.19,HARDPOINT,COLOSSUS,CLOUD9 NEW YORK,118,G2 MINNESOTA,134,3:25,0:56,7,,,,,NEW HARDPOINT,5_26_25
00:06:15.19,HARDPOINT,COLOSSUS,CLOUD9 NEW YORK,118,G2 MINNESOTA,134,3:24,0:55,7,,CONTAINER,,,,5_26_25
00:06:16.19,HARDPOINT,COLOSSUS,CLOUD9 NEW YORK,118,G2 MINNESOTA,134,3:24,0:54,7,,CONTAINER,,,,5_26_25
00:06:17.19,HARDPOINT,COLOSSUS,CLOUD9 NEW YORK,119,G2 MINNESOTA,134,3:24,0:53,7,,CONTAINER,,,,5_26_25
00:06:18.19,HARDPOINT,COLOSSUS,CLOUD9 NEW YORK,119,G2 MINNESOTA,134,3:23,0:52,7,,CONTAINER,,,,5_26_25
00:06:19.19,HARDPOINT,COLOSSUS,CLOUD9 NEW YORK,119,G2 MINNESOTA,134,3:22,0:51,7,,,,,,5_26_25
00:06:20.19,HARDPOINT,COLOSSUS,CLOUD9 NEW YORK,119,G2 MINNESOTA,134,3:22,0:51,7,,,,,,5_26_25
00:06:21.19,HARDPOINT,COLOSSUS,CLOUD9 NEW YORK,119,G2 MINNESOTA,134,3:22,0:49,7,,,,,,5_26_25
00:06:22.19,HARDPOINT,COLOSSUS,CLOUD9 NEW YORK,120,G2 MINNESOTA,134,3:22,0:48,7,,,,,,5_26_25
00:06:23.19,HARDPOINT,COLOSSUS,CLOUD9 NEW YORK,121,G2 MINNESOTA,134,3:22,0:47,7,,,,,,5_26_25
00:06:24.19,HARDPOINT,COLOSSUS,CLOUD9 NEW YORK,122,G2 MINNESOTA,134,3:22,0:46,7,,,,,,5_26_25
00:06:25.19,HARDPOINT,COLOSSUS,CLOUD9 NEW YORK,123,G2 MINNESOTA,134,3:22,0:45,7,,,,,,5_26_25
00:06:26.19,HARDPOINT,COLOSSUS,CLOUD9 NEW YORK,123,G2 MINNESOTA,134,3:21,0:44,7,,,,,MAJOR I QUALIFIERS - WEEK I,5_26_25
00:06:27.19,HARDPOINT,COLOSSUS,CLOUD9 NEW YORK,123,G2 MINNESOTA,134,3:20,0:43,7,,,,,MAJOR I QUALIFIERS - WEEK I,5_26_25
00:06:28.19,HARDPOINT,COLOSSUS,CLOUD9 NEW YORK,123,G2 MINNESOTA,134,3:20,0:42,7,,,,BEANS - KILLINGSPREE,,5_26_25
00:06:29.19,HARDPOINT,COLOSSUS,CLOUD9 NEW YORK,123,G2 MINNESOTA,134,3:19,0:41,7,,,,BEANS - KILLINGSPREE,,5_26_25
00:06:30.19,HARDPOINT,COLOSSUS,CLOUD9 NEW YORK,124,G2 MINNESOTA,134,3:19,0:40,7,,,,BEANS - KILLINGSPREE,,5_26_25
00:06:31.19,HARDPOINT,COLOSSUS,CLOUD9 NEW YORK,125,G2 MINNESOTA,134,3:19,0:39,7,,,,BEANS - KILLINGSPREE,,5_26_25
00:06:32.19,HARDPOINT,COLOSSUS,CLOUD9 NEW YORK,125,G2 MINNESOTA,134,3:18,0:38,7,,,,,MAJOR I QUALIFIERS - WEEK I,5_26_25
00:06:33.19,HARDPOINT,COLOSSUS,CLOUD9 NEW YORK,125,G2 MINNESOTA,134,3:17,0:37,7,,,,,MAJOR I QUALIFIERS - WEEK I,5_26_25
00:06:34.19,HARDPOINT,COLOSSUS,CLOUD9 NEW YORK,125,G2 MINNESOTA,134,3:16,0:36,7,,,,,MAJOR I QUALIFIERS - WEEK I,5_26_25
00:06:35.19,HARDPOINT,COLOSSUS,CLOUD9 NEW YORK,125,G2 MINNESOTA,134,3:15,0:35,7,,,,,MAJOR I QUALIFIERS - WEEK I,5_26_25
00:06:36.19,HARDPOINT,COLOSSUS,CLOUD9 NEW YORK,125,G2 MINNESOTA,134,3:15,0:34,7,,,,,MAJOR I QUALIFIERS - WEEK I,5_26_25
00:06:37.19,HARDPOINT,COLOSSUS,CLOUD9 NEW YORK,126,G2 MINNESOTA,134,3:15,0:33,7,,,,,MAJOR I QUALIFIERS - WEEK I,5_26_25
00:06:38.19,HARDPOINT,COLOSSUS,CLOUD9 NEW YORK,127,G2 MINNESOTA,134,3:12,0:32,7,,,,,MAJOR I QUALIFIERS - WEEK I,5_26_25
00:06:39.19,HARDPOINT,COLOSSUS,CLOUD9 NEW YORK,127,G2 MINNESOTA,134,3:14,0:31,7,,,,,,5_26_25
00:06:40.19,HARDPOINT,COLOSSUS,CLOUD9 NEW YORK,127,G2 MINNESOTA,134,3:14,0:30,7,,,,,,5_26_25
00:06:41.19,HARDPOINT,COLOSSUS,CLOUD9 NEW YORK,127,G2 MINNESOTA,135,3:14,0:29,7,,,,,,5_26_25
00:06:42.19,HARDPOINT,COLOSSUS,CLOUD9 NEW YORK,127,G2 MINNESOTA,136,3:14,0:28,7,,,,,,5_26_25
00:06:43.19,HARDPOINT,COLOSSUS,CLOUD9 NEW YORK,127,G2 MINNESOTA,137,3:14,0:27,7,,,,,,5_26_25
00:06:44.19,HARDPOINT,COLOSSUS,CLOUD9 NEW YORK,127,G2 MINNESOTA,138,3:14,0:26,7,,,,,,5_26_25
00:06:45.19,HARDPOINT,COLOSSUS,CLOUD9 NEW YORK,127,G2 MINNESOTA,139,3:14,0:25,7,,,,,,5_26_25
00:06:46.19,HARDPOINT,COLOSSUS,CLOUD9 NEW YORK,127,G2 MINNESOTA,140,3:14,0:24,7,,,,,MAJOR I QUALIFIERS - WEEK I,5_26_25
00:06:47.19,HARDPOINT,COLOSSUS,CLOUD9 NEW YORK,127,G2 MINNESOTA,141,3:14,0:23,7,,,,ESTREAL - KILLINGSPREE,,5_26_25
00:06:48.19,HARDPOINT,COLOSSUS,CLOUD9 NEW YORK,127,G2 MINNESOTA,142,3:14,0:22,7,,,,ESTREAL - KILLINGSPREE,,5_26_25
00:06:49.19,HARDPOINT,COLOSSUS,CLOUD9 NEW YORK,127,G2 MINNESOTA,143,3:14,0:21,7,,,,ESTREAL - KILLINGSPREE,,5_26_25
00:06:50.19,HARDPOINT,COLOSSUS,CLOUD9 NEW YORK,127,G2 MINNESOTA,144,3:14,0:20,7,,,,ESTREAL - KILLINGSPREE,,5_26_25
00:06:51.19,HARDPOINT,COLOSSUS,CLOUD9 NEW YORK,127,G2 MINNESOTA,145,3:13,0:19,7,,,,,MAJOR I QUALIFIERS - WEEK I,5_26_25
00:06:52.19,HARDPOINT,COLOSSUS,CLOUD9 NEW YORK,127,G2 MINNESOTA,145,3:12,0:18,7,,,,,MAJOR I QUALIFIERS - WEEK I,5_26_25
00:06:53.19,HARDPOINT,COLOSSUS,CLOUD9 NEW YORK,127,G2 MINNESOTA,146,3:12,0:17,7,,,,,MAJOR I QUALIFIERS - WEEK I,5_26_25
00:06:54.19,HARDPOINT,COLOSSUS,CLOUD9 NEW YORK,127,G2 MINNESOTA,147,3:12,0:16,7,,,,,MAJOR I QUALIFIERS - WEEK I,5_26_25
00:06:55.19,HARDPOINT,COLOSSUS,CLOUD9 NEW YORK,127,G2 MINNESOTA,148,3:12,0:15,7,,,,,MAJOR I QUALIFIERS - WEEK I,5_26_25
00:06:56.19,HARDPOINT,COLOSSUS,CLOUD9 NEW YORK,127,G2 MINNESOTA,149,3:12,0:14,7,,,,,MAJOR I QUALIFIERS - WEEK I,5_26_25
00:06:57.19,HARDPOINT,COLOSSUS,CLOUD9 NEW YORK,127,G2 MINNESOTA,150,3:12,0:13,7,,,,,MAJOR I QUALIFIERS - WEEK I,5_26_25
00:06:58.19,HARDPOINT,COLOSSUS,CLOUD9 NEW YORK,127,G2 MINNESOTA,151,3:12,0:12,7,,,,,,5_26_25
00:06:59.19,HARDPOINT,COLOSSUS,CLOUD9 NEW YORK,127,G2 MINNESOTA,152,3:12,0:11,7,,,KREMP - MULTIKILL,,,5_26_25
00:07:00.19,HARDPOINT,COLOSSUS,CLOUD9 NEW YORK,127,G2 MINNESOTA,153,3:12,0:10,7,,,KREMP - MULTIKILL,,,5_26_25
00:07:01.19,HARDPOINT,COLOSSUS,CLOUD9 NEW YORK,127,G2 MINNESOTA,154,3:12,0:09,7,,,KREMP - MULTIKILL,,,5_26_25
00:07:02.19,HARDPOINT,COLOSSUS,CLOUD9 NEW YORK,127,G2 MINNESOTA,155,3:12,0:08,7,,,,,,5_26_25
00:07:03.19,HARDPOINT,COLOSSUS,CLOUD9 NEW YORK,127,G2 MINNESOTA,156,3:12,0:07,7,,,,,,5_26_25
00:07:04.19,HARDPOINT,COLOSSUS,CLOUD9 NEW YORK,127,G2 MINNESOTA,157,3:12,0:06,7,,,,,,5_26_25
00:07:05.19,HARDPOINT,COLOSSUS,CLOUD9 NEW YORK,127,G2 MINNESOTA,158,3:12,0:05,7,,,,,,5_26_25
00:07:06.19,HARDPOINT,COLOSSUS,CLOUD9 NEW YORK,127,G2 MINNESOTA,159,3:12,0:04,7,,,,,,5_26_25
00:07:07.19,HARDPOINT,COLOSSUS,CLOUD9 NEW YORK,127,G2 MINNESOTA,160,3:12,0:03,7,,,,,,5_26_25
00:07:08.19,HARDPOINT,COLOSSUS,CLOUD9 NEW YORK,127,G2 MINNESOTA,160,3:12,0:02,7,,,,,,5_26_25
00:07:09.19,HARDPOINT,COLOSSUS,CLOUD9 NEW YORK,127,G2 MINNESOTA,160,3:11,0:01,7,,,,,,5_26_25
00:07:10.19,HARDPOINT,COLOSSUS,CLOUD9 NEW YORK,127,G2 MINNESOTA,160,3:10,0:00,7,,,,,MAJOR I QUALIFIERS - WEEK I,5_26_25
00:07:11.19,HARDPOINT,COLOSSUS,CLOUD9 NEW YORK,127,G2 MINNESOTA,160,3:09,0:00,7,,,,,MAJOR I QUALIFIERS - WEEK I,5_26_25
00:07:12.19,HARDPOINT,COLOSSUS,CLOUD9 NEW YORK,127,G2 MINNESOTA,160,3:09,0:59,8,,,,,NEW HARDPOINT,5_26_25
00:07:13.19,HARDPOINT,COLOSSUS,CLOUD9 NEW YORK,127,G2 MINNESOTA,161,3:09,0:58,8,,,,,NEW HARDPOINT,5_26_25
00:07:14.19,HARDPOINT,COLOSSUS,CLOUD9 NEW YORK,127,G2 MINNESOTA,162,3:08,0:58,8,,,,,NEW HARDPOINT,5_26_25
00:07:15.19,HARDPOINT,COLOSSUS,CLOUD9 NEW YORK,127,G2 MINNESOTA,162,3:07,0:58,8,,LOUNGE,,,,5_26_25
00:07:16.19,HARDPOINT,COLOSSUS,CLOUD9 NEW YORK,127,G2 MINNESOTA,162,3:07,0:55,8,,LOUNGE,,,,5_26_25
00:07:17.19,HARDPOINT,COLOSSUS,CLOUD9 NEW YORK,128,G2 MINNESOTA,162,3:07,0:54,8,,LOUNGE,,,,5_26_25
00:07:18.19,HARDPOINT,COLOSSUS,CLOUD9 NEW YORK,129,G2 MINNESOTA,162,3:07,0:53,8,,LOUNGE,,,,5_26_25
00:07:19.19,HARDPOINT,COLOSSUS,CLOUD9 NEW YORK,130,G2 MINNESOTA,162,3:07,0:52,8,,LOUNGE,,,,5_26_25
00:07:20.19,HARDPOINT,COLOSSUS,CLOUD9 NEW YORK,130,G2 MINNESOTA,162,3:06,0:51,8,,,,,MAJOR I QUALIFIERS - WEEK I,5_26_25
00:07:21.19,HARDPOINT,COLOSSUS,CLOUD9 NEW YORK,130,G2 MINNESOTA,162,3:06,0:50,8,,,,,MAJOR I QUALIFIERS - WEEK I,5_26_25
00:07:22.19,HARDPOINT,COLOSSUS,CLOUD9 NEW YORK,130,G2 MINNESOTA,162,3:05,0:49,8,,,,,MAJOR I QUALIFIERS - WEEK I,5_26_25
00:07:23.19,HARDPOINT,COLOSSUS,CLOUD9 NEW YORK,130,G2 MINNESOTA,162,3:05,0:48,8,,,,,MAJOR I QUALIFIERS - WEEK I,5_26_25
00:07:24.19,HARDPOINT,COLOSSUS,CLOUD9 NEW YORK,130,G2 MINNESOTA,163,3:05,0:47,8,,,,,MAJOR I QUALIFIERS - WEEK I,5_26_25
00:07:25.19,HARDPOINT,COLOSSUS,CLOUD9 NEW YORK,130,G2 MINNESOTA,164,3:05,0:46,8,,,,,MAJOR I QUALIFIERS - WEEK I,5_26_25
00:07:26.19,HARDPOINT,COLOSSUS,CLOUD9 NEW YORK,130,G2 MINNESOTA,165,3:05,0:45,8,,,,,MAJOR I QUALIFIERS - WEEK I,5_26_25
00:07:27.19,HARDPOINT,COLOSSUS,CLOUD9 NEW YORK,130,G2 MINNESOTA,166,3:05,0:44,8,,,,,,5_26_25
00:07:28.19,HARDPOINT,COLOSSUS,CLOUD9 NEW YORK,130,G2 MINNESOTA,167,3:05,0:43,8,,,,,,5_26_25
00:07:29.19,HARDPOINT,COLOSSUS,CLOUD9 NEW YORK,130,G2 MINNESOTA,168,3:05,0:42,8,,,,,,5_26_25
00:07:30.19,HARDPOINT,COLOSSUS,CLOUD9 NEW YORK,130,G2 MINNESOTA,169,3:05,0:41,8,,,,,,5_26_25
00:07:31.19,HARDPOINT,COLOSSUS,CLOUD9 NEW YORK,130,G2 MINNESOTA,170,3:04,0:40,8,,,,,,5_26_25
00:07:32.19,HARDPOINT,COLOSSUS,CLOUD9 NEW YORK,130,G2 MINNESOTA,170,3:03,0:39,8,,,,,,5_26_25
00:07:33.19,HARDPOINT,COLOSSUS,CLOUD9 NEW YORK,130,G2 MINNESOTA,170,3:02,0:38,8,,,,,,5_26_25
00:07:34.19,HARDPOINT,COLOSSUS,CLOUD9 NEW YORK,130,G2 MINNESOTA,170,3:01,0:37,8,,,,,MAJOR I QUALIFIERS - WEEK I,5_26_25
00:07:35.19,HARDPOINT,COLOSSUS,CLOUD9 NEW YORK,130,G2 MINNESOTA,170,3:00,0:36,8,,,,,MAJOR I QUALIFIERS - WEEK I,5_26_25
00:07:36.19,HARDPOINT,COLOSSUS,CLOUD9 NEW YORK,130,G2 MINNESOTA,170,2:59,0:35,8,,,,,MAJOR I QUALIFIERS - WEEK I,5_26_25
00:07:37.19,HARDPOINT,COLOSSUS,CLOUD9 NEW YORK,130,G2 MINNESOTA,170,2:59,0:34,8,,,,,MAJOR I QUALIFIERS - WEEK I,5_26_25
00:07:38.19,HARDPOINT,COLOSSUS,CLOUD9 NEW YORK,131,G2 MINNESOTA,170,2:59,0:33,8,,,,,MAJOR I QUALIFIERS - WEEK I,5_26_25
00:07:39.19,HARDPOINT,COLOSSUS,CLOUD9 NEW YORK,132,G2 MINNESOTA,170,2:59,0:32,8,,,,,MAJOR I QUALIFIERS - WEEK I,5_26_25
00:07:40.19,HARDPOINT,COLOSSUS,CLOUD9 NEW YORK,133,G2 MINNESOTA,170,2:59,0:31,8,,,,,MAJOR I QUALIFIERS - WEEK I,5_26_25
00:07:41.19,HARDPOINT,COLOSSUS,CLOUD9 NEW YORK,134,G2 MINNESOTA,170,2:59,0:30,8,,,,,,5_26_25
00:07:42.19,HARDPOINT,COLOSSUS,CLOUD9 NEW YORK,135,G2 MINNESOTA,170,2:59,0:29,8,,,,,,5_26_25
00:07:43.19,HARDPOINT,COLOSSUS,CLOUD9 NEW YORK,136,G2 MINNESOTA,170,2:59,0:28,8,,,,,,5_26_25
00:07:44.19,HARDPOINT,COLOSSUS,CLOUD9 NEW YORK,137,G2 MINNESOTA,170,2:59,0:27,8,,,,,,5_26_25
00:07:45.19,HARDPOINT,COLOSSUS,CLOUD9 NEW YORK,138,G2 MINNESOTA,170,2:59,0:26,8,,,,,,5_26_25
00:07:46.19,HARDPOINT,COLOSSUS,CLOUD9 NEW YORK,139,G2 MINNESOTA,170,2:59,0:25,8,,,,,,5_26_25
00:07:47.19,HARDPOINT,COLOSSUS,CLOUD9 NEW YORK,140,G2 MINNESOTA,170,2:59,0:24,8,,,,,,5_26_25
00:07:48.19,HARDPOINT,COLOSSUS,CLOUD9 NEW YORK,141,G2 MINNESOTA,170,2:59,0:23,8,,,,,MAJOR I QUALIFIERS - WEEK I,5_26_25
00:07:49.19,HARDPOINT,COLOSSUS,CLOUD9 NEW YORK,142,G2 MINNESOTA,170,2:59,0:22,8,,,,,MAJOR I QUALIFIERS - WEEK I,5_26_25
00:07:50.19,HARDPOINT,COLOSSUS,CLOUD9 NEW YORK,143,G2 MINNESOTA,170,2:59,0:21,8,,,,,MAJOR I QUALIFIERS - WEEK I,5_26_25
00:07:51.19,HARDPOINT,COLOSSUS,CLOUD9 NEW YORK,143,G2 MINNESOTA,170,2:59,0:20,8,,,,,MAJOR I QUALIFIERS - WEEK I,5_26_25
00:07:52.19,HARDPOINT,COLOSSUS,CLOUD9 NEW YORK,144,G2 MINNESOTA,170,2:59,0:19,8,,,,,MAJOR I QUALIFIERS - WEEK I,5_26_25
00:07:53.19,HARDPOINT,COLOSSUS,CLOUD9 NEW YORK,144,G2 MINNESOTA,170,2:58,0:18,8,,,,,MAJOR I QUALIFIERS - WEEK I,5_26_25
00:07:54.19,HARDPOINT,COLOSSUS,CLOUD9 NEW YORK,144,G2 MINNESOTA,170,2:57,0:17,8,,,,,MAJOR I QUALIFIERS - WEEK I,5_26_25
00:07:55.19,HARDPOINT,COLOSSUS,CLOUD9 NEW YORK,144,G2 MINNESOTA,171,2:57,0:16,8,,,,,,5_26_25
00:07:56.19,HARDPOINT,COLOSSUS,CLOUD9 NEW YORK,144,G2 MINNESOTA,172,2:57,0:15,8,,,,,,5_26_25
00:07:57.19,HARDPOINT,COLOSSUS,CLOUD9 NEW YORK,144,G2 MINNESOTA,173,2:57,0:14,8,,,,,,5_26_25
00:07:58.19,HARDPOINT,COLOSSUS,CLOUD9 NEW YORK,144,G2 MINNESOTA,174,2:57,0:13,8,,,,,,5_26_25
00:07:59.19,HARDPOINT,COLOSSUS,CLOUD9 NEW YORK,144,G2 MINNESOTA,175,2:57,0:12,8,,,,,,5_26_25
00:08:00.19,HARDPOINT,COLOSSUS,CLOUD9 NEW YORK,144,G2 MINNESOTA,176,2:57,0:11,8,,,,,,5_26_25
00:08:01.19,HARDPOINT,COLOSSUS,CLOUD9 NEW YORK,144,G2 MINNESOTA,177,2:57,0:10,8,,,,,MAJOR I QUALIFIERS - WEEK I,5_26_25
00:08:02.19,HARDPOINT,COLOSSUS,CLOUD9 NEW YORK,144,G2 MINNESOTA,178,2:57,0:09,8,,,,,MAJOR I QUALIFIERS - WEEK I,5_26_25
00:08:03.19,HARDPOINT,COLOSSUS,CLOUD9 NEW YORK,144,G2 MINNESOTA,179,2:57,0:08,8,,,,,MAJOR I QUALIFIERS - WEEK I,5_26_25
00:08:04.19,HARDPOINT,COLOSSUS,CLOUD9 NEW YORK,144,G2 MINNESOTA,180,2:57,0:07,8,,,,,MAJOR I QUALIFIERS - WEEK I,5_26_25
00:08:05.19,HARDPOINT,COLOSSUS,CLOUD9 NEW YORK,144,G2 MINNESOTA,181,2:57,0:06,8,,,,,MAJOR I QUALIFIERS - WEEK I,5_26_25
00:08:06.19,HARDPOINT,COLOSSUS,CLOUD9 NEW YORK,144,G2 MINNESOTA,182,2:57,0:05,8,,,,,MAJOR I QUALIFIERS - WEEK I,5_26_25
00:08:07.19,HARDPOINT,COLOSSUS,CLOUD9 NEW YORK,144,G2 MINNESOTA,183,2:57,0:04,8,,,,,MAJOR I QUALIFIERS - WEEK I,5_26_25
00:08:08.19,HARDPOINT,COLOSSUS,CLOUD9 NEW YORK,144,G2 MINNESOTA,184,2:57,0:03,8,,,,,,5_26_25
00:08:09.19,HARDPOINT,COLOSSUS,CLOUD9 NEW YORK,144,G2 MINNESOTA,185,2:57,0:02,8,,,,,,5_26_25
00:08:10.19,HARDPOINT,COLOSSUS,CLOUD9 NEW YORK,144,G2 MINNESOTA,186,2:57,0:01,8,,,,,,5_26_25
00:08:11.19,HARDPOINT,COLOSSUS,CLOUD9 NEW YORK,144,G2 MINNESOTA,187,2:57,0:00,8,,,,,,5_26_25
00:08:12.19,HARDPOINT,COLOSSUS,CLOUD9 NEW YORK,144,G2 MINNESOTA,187,2:57,0:00,8,,,,,,5_26_25
00:08:13.19,HARDPOINT,COLOSSUS,CLOUD9 NEW YORK,144,G2 MINNESOTA,187,2:56,0:59,9,,,,,NEW HARDPOINT,5_26_25
00:08:14.19,HARDPOINT,COLOSSUS,CLOUD9 NEW YORK,145,G2 MINNESOTA,187,2:56,0:58,9,,,,,NEW HARDPOINT,5_26_25
00:08:15.19,HARDPOINT,COLOSSUS,CLOUD9 NEW YORK,145,G2 MINNESOTA,187,2:55,0:57,9,,,,,NEW HARDPOINT,5_26_25
00:08:16.19,HARDPOINT,COLOSSUS,CLOUD9 NEW YORK,145,G2 MINNESOTA,187,2:54,0:56,9,,,,,,5_26_25
00:08:17.19,HARDPOINT,COLOSSUS,CLOUD9 NEW YORK,145,G2 MINNESOTA,187,2:53,0:55,9,,ATRIUM,,,,5_26_25
00:08:18.19,HARDPOINT,COLOSSUS,CLOUD9 NEW YORK,145,G2 MINNESOTA,187,2:52,0:54,9,,ATRIUM,,,,5_26_25
00:08:19.19,HARDPOINT,COLOSSUS,CLOUD9 NEW YORK,145,G2 MINNESOTA,187,2:51,0:53,9,,ATRIUM,,,,5_26_25
00:08:20.19,HARDPOINT,COLOSSUS,CLOUD9 NEW YORK,145,G2 MINNESOTA,187,2:50,0:52,9,,,,,,5_26_25
00:08:21.19,HARDPOINT,COLOSSUS,CLOUD9 NEW YORK,145,G2 MINNESOTA,188,2:50,0:51,9,,,,,,5_26_25
00:08:22.19,HARDPOINT,COLOSSUS,CLOUD9 NEW YORK,145,G2 MINNESOTA,189,2:50,0:50,9,,,,,,5_26_25
00:08:23.19,HARDPOINT,COLOSSUS,CLOUD9 NEW YORK,145,G2 MINNESOTA,190,2:50,0:49,9,,,,,,5_26_25
00:08:24.19,HARDPOINT,COLOSSUS,CLOUD9 NEW YORK,145,G2 MINNESOTA,191,2:50,0:48,9,,,,,,5_26_25
00:08:25.19,HARDPOINT,COLOSSUS,CLOUD9 NEW YORK,145,G2 MINNESOTA,192,2:50,0:47,9,,,,,,5_26_25
00:08:26.19,HARDPOINT,COLOSSUS,CLOUD9 NEW YORK,145,G2 MINNESOTA,193,2:50,0:46,9,,,,,,5_26_25
00:08:27.19,HARDPOINT,COLOSSUS,CLOUD9 NEW YORK,145,G2 MINNESOTA,194,2:50,0:45,9,,,,,MAJOR I QUALIFIERS - WEEK I,5_26_25
00:08:28.19,HARDPOINT,COLOSSUS,CLOUD9 NEW YORK,145,G2 MINNESOTA,195,2:50,0:44,9,,,,,MAJOR I QUALIFIERS - WEEK I,5_26_25
00:08:29.19,HARDPOINT,COLOSSUS,CLOUD9 NEW YORK,145,G2 MINNESOTA,195,2:49,0:43,9,,,,,MAJOR I QUALIFIERS - WEEK I,5_26_25
00:08:30.19,HARDPOINT,COLOSSUS,CLOUD9 NEW YORK,145,G2 MINNESOTA,195,2:48,0:42,9,,,,,MAJOR I QUALIFIERS - WEEK I,5_26_25
00:08:31.19,HARDPOINT,COLOSSUS,CLOUD9 NEW YORK,145,G2 MINNESOTA,195,2:47,0:41,9,,,,,MAJOR I QUALIFIERS - WEEK I,5_26_25
00:08:32.20,HARDPOINT,COLOSSUS,CLOUD9 NEW YORK,145,G2 MINNESOTA,195,2:47,0:40,9,,,,,MAJOR I QUALIFIERS - WEEK I,5_26_25
00:08:33.20,HARDPOINT,COLOSSUS,CLOUD9 NEW YORK,147,G2 MINNESOTA,195,2:47,0:39,9,,,,,MAJOR I QUALIFIERS - WEEK I,5_26_25
00:08:34.20,HARDPOINT,COLOSSUS,CLOUD9 NEW YORK,148,G2 MINNESOTA,195,2:47,0:38,9,,,,,,5_26_25
00:08:35.20,HARDPOINT,COLOSSUS,CLOUD9 NEW YORK,149,G2 MINNESOTA,195,2:47,0:37,9,,,,,,5_26_25
00:08:36.20,HARDPOINT,COLOSSUS,CLOUD9 NEW YORK,149,G2 MINNESOTA,195,2:47,0:36,9,,,,,,5_26_25
00:08:37.20,HARDPOINT,COLOSSUS,CLOUD9 NEW YORK,150,G2 MINNESOTA,195,2:47,0:35,9,,,,,,5_26_25
00:08:38.20,HARDPOINT,COLOSSUS,CLOUD9 NEW YORK,151,G2 MINNESOTA,195,2:47,0:34,9,,,,,,5_26_25
00:08:39.20,HARDPOINT,COLOSSUS,CLOUD9 NEW YORK,152,G2 MINNESOTA,195,2:47,0:33,9,,,,,,5_26_25
00:08:40.20,HARDPOINT,COLOSSUS,CLOUD9 NEW YORK,153,G2 MINNESOTA,195,2:47,0:32,9,,,,,,5_26_25
00:08:41.20,HARDPOINT,COLOSSUS,CLOUD9 NEW YORK,154,G2 MINNESOTA,195,2:46,0:31,9,,,,,MAJOR I QUALIFIERS - WEEK I,5_26_25
00:08:42.20,HARDPOINT,COLOSSUS,CLOUD9 NEW YORK,154,G2 MINNESOTA,195,2:45,0:30,9,,,,,MAJOR I QUALIFIERS - WEEK I,5_26_25
00:08:43.20,HARDPOINT,COLOSSUS,CLOUD9 NEW YORK,154,G2 MINNESOTA,195,2:45,0:29,9,,,,,MAJOR I QUALIFIERS - WEEK I,5_26_25
00:08:44.20,HARDPOINT,COLOSSUS,CLOUD9 NEW YORK,154,G2 MINNESOTA,195,2:45,0:28,9,,,,,MAJOR I QUALIFIERS - WEEK I,5_26_25
00:08:45.20,HARDPOINT,COLOSSUS,CLOUD9 NEW YORK,154,G2 MINNESOTA,195,2:45,0:27,9,,,,,MAJOR I QUALIFIERS - WEEK I,5_26_25
00:08:46.20,HARDPOINT,COLOSSUS,CLOUD9 NEW YORK,155,G2 MINNESOTA,195,2:45,0:26,9,,,,,MAJOR I QUALIFIERS - WEEK I,5_26_25
00:08:47.20,HARDPOINT,COLOSSUS,CLOUD9 NEW YORK,156,G2 MINNESOTA,195,2:45,0:25,9,,,,,MAJOR I QUALIFIERS - WEEK I,5_26_25
00:08:48.20,HARDPOINT,COLOSSUS,CLOUD9 NEW YORK,157,G2 MINNESOTA,195,2:45,0:24,9,,,,,,5_26_25
00:08:49.20,HARDPOINT,COLOSSUS,CLOUD9 NEW YORK,158,G2 MINNESOTA,195,2:45,0:23,9,,,,,,5_26_25
00:08:50.20,HARDPOINT,COLOSSUS,CLOUD9 NEW YORK,159,G2 MINNESOTA,195,2:45,0:22,9,,,,,,5_26_25
00:08:51.20,HARDPOINT,COLOSSUS,CLOUD9 NEW YORK,160,G2 MINNESOTA,195,2:44,0:21,9,,,,,,5_26_25
00:08:52.20,HARDPOINT,COLOSSUS,CLOUD9 NEW YORK,160,G2 MINNESOTA,195,2:43,0:20,9,,,,,,5_26_25
00:08:53.20,HARDPOINT,COLOSSUS,CLOUD9 NEW YORK,160,G2 MINNESOTA,195,2:42,0:19,9,,,,,,5_26_25
00:08:54.20,HARDPOINT,COLOSSUS,CLOUD9 NEW YORK,160,G2 MINNESOTA,195,2:42,0:18,9,,,,,,5_26_25
00:08:55.20,HARDPOINT,COLOSSUS,CLOUD9 NEW YORK,160,G2 MINNESOTA,196,2:42,0:17,9,,,,,MAJOR I QUALIFIERS - WEEK I,5_26_25
00:08:56.20,HARDPOINT,COLOSSUS,CLOUD9 NEW YORK,160,G2 MINNESOTA,197,2:42,0:17,9,,,,,MAJOR I QUALIFIERS - WEEK I,5_26_25
00:08:57.20,HARDPOINT,COLOSSUS,CLOUD9 NEW YORK,160,G2 MINNESOTA,197,2:41,0:15,9,,,,,MAJOR I QUALIFIERS - WEEK I,5_26_25
00:08:58.20,HARDPOINT,COLOSSUS,CLOUD9 NEW YORK,161,G2 MINNESOTA,197,2:41,0:14,9,,,,,MAJOR I QUALIFIERS - WEEK I,5_26_25
00:08:59.20,HARDPOINT,COLOSSUS,CLOUD9 NEW YORK,162,G2 MINNESOTA,197,2:41,0:13,9,,,,,MAJOR I QUALIFIERS - WEEK I,5_26_25
00:09:00.20,HARDPOINT,COLOSSUS,CLOUD9 NEW YORK,163,G2 MINNESOTA,197,2:41,0:12,9,,,,,MAJOR I QUALIFIERS - WEEK I,5_26_25
00:09:01.20,HARDPOINT,COLOSSUS,CLOUD9 NEW YORK,164,G2 MINNESOTA,197,2:41,0:11,9,,,,,MAJOR I QUALIFIERS - WEEK I,5_26_25
00:09:02.20,HARDPOINT,COLOSSUS,CLOUD9 NEW YORK,164,G2 MINNESOTA,197,2:40,0:10,9,,,,,,5_26_25
00:09:03.20,HARDPOINT,COLOSSUS,CLOUD9 NEW YORK,164,G2 MINNESOTA,197,2:39,0:08,9,,,,,,5_26_25
00:09:04.20,HARDPOINT,COLOSSUS,CLOUD9 NEW YORK,165,G2 MINNESOTA,197,2:39,0:07,9,,,,,,5_26_25
00:09:05.20,HARDPOINT,COLOSSUS,CLOUD9 NEW YORK,165,G2 MINNESOTA,197,2:38,0:06,9,,,,,,5_26_25
00:09:06.20,HARDPOINT,COLOSSUS,CLOUD9 NEW YORK,165,G2 MINNESOTA,197,2:38,0:06,9,,,,,,5_26_25
00:09:07.20,HARDPOINT,COLOSSUS,CLOUD9 NEW YORK,166,G2 MINNESOTA,197,2:38,0:05,9,,,,,,5_26_25
00:09:08.20,HARDPOINT,COLOSSUS,CLOUD9 NEW YORK,167,G2 MINNESOTA,197,2:38,0:04,9,,,,,,5_26_25
00:09:09.20,HARDPOINT,COLOSSUS,CLOUD9 NEW YORK,168,G2 MINNESOTA,197,2:38,0:03,9,,,,,MAJOR I QUALIFIERS - WEEK I,5_26_25
00:09:10.20,HARDPOINT,COLOSSUS,CLOUD9 NEW YORK,169,G2 MINNESOTA,197,2:38,0:01,9,,,,,MAJOR I QUALIFIERS - WEEK I,5_26_25
00:09:11.20,HARDPOINT,COLOSSUS,CLOUD9 NEW YORK,170,G2 MINNESOTA,197,2:38,0:00,9,,,,,MAJOR I QUALIFIERS - WEEK I,5_26_25
00:09:12.20,HARDPOINT,COLOSSUS,CLOUD9 NEW YORK,171,G2 MINNESOTA,197,2:38,0:00,9,,,,VIVID - KILLINGSPREE,,5_26_25
00:09:13.20,HARDPOINT,COLOSSUS,CLOUD9 NEW YORK,171,G2 MINNESOTA,197,2:37,0:59,10,,,,VIVID - KILLINGSPREE,,5_26_25
00:09:14.20,HARDPOINT,COLOSSUS,CLOUD9 NEW YORK,171,G2 MINNESOTA,197,2:37,0:58,10,,,,VIVID - KILLINGSPREE,,5_26_25
00:09:15.20,HARDPOINT,COLOSSUS,CLOUD9 NEW YORK,172,G2 MINNESOTA,197,2:37,0:57,10,,,,,NEW HARDPOINT,5_26_25
00:09:16.20,HARDPOINT,COLOSSUS,CLOUD9 NEW YORK,173,G2 MINNESOTA,197,2:37,0:56,10,,,,,NEW HARDPOINT,5_26_25
00:09:17.20,HARDPOINT,COLOSSUS,CLOUD9 NEW YORK,174,G2 MINNESOTA,197,2:37,0:55,10,,,,,NEW HARDPOINT,5_26_25
00:09:18.20,HARDPOINT,COLOSSUS,CLOUD9 NEW YORK,175,G2 MINNESOTA,197,2:37,0:54,10,,,,,NEW HARDPOINT,5_26_25
00:09:19.20,HARDPOINT,COLOSSUS,CLOUD9 NEW YORK,176,G2 MINNESOTA,197,2:37,0:53,10,,BAGGAGE CLAIM,,,,5_26_25
00:09:20.20,HARDPOINT,COLOSSUS,CLOUD9 NEW YORK,177,G2 MINNESOTA,197,2:37,0:52,10,,BAGGAGE CLAIM,,,,5_26_25
00:09:21.20,HARDPOINT,COLOSSUS,CLOUD9 NEW YORK,178,G2 MINNESOTA,197,2:36,0:51,10,,BAGGAGE CLAIM,,,,5_26_25
00:09:22.20,HARDPOINT,COLOSSUS,CLOUD9 NEW YORK,178,G2 MINNESOTA,197,2:35,0:50,10,,BAGGAGE CLAIM,,,,5_26_25
00:09:23.20,HARDPOINT,COLOSSUS,CLOUD9 NEW YORK,178,G2 MINNESOTA,197,2:34,0:49,10,,,,,MAJOR I QUALIFIERS - WEEK I,5_26_25
00:09:24.20,HARDPOINT,COLOSSUS,CLOUD9 NEW YORK,178,G2 MINNESOTA,197,2:34,0:48,10,,,,,MAJOR I QUALIFIERS - WEEK I,5_26_25
00:09:25.20,HARDPOINT,COLOSSUS,CLOUD9 NEW YORK,179,G2 MINNESOTA,197,2:34,0:47,10,,,,,MAJOR I QUALIFIERS - WEEK I,5_26_25
00:09:26.20,HARDPOINT,COLOSSUS,CLOUD9 NEW YORK,180,G2 MINNESOTA,197,2:34,0:46,10,,,,,MAJOR I QUALIFIERS - WEEK I,5_26_25
00:09:27.20,HARDPOINT,COLOSSUS,CLOUD9 NEW YORK,181,G2 MINNESOTA,197,2:34,0:45,10,,,,,MAJOR I QUALIFIERS - WEEK I,5_26_25
00:09:28.20,HARDPOINT,COLOSSUS,CLOUD9 NEW YORK,182,G2 MINNESOTA,197,2:34,0:44,10,,,,,MAJOR I QUALIFIERS - WEEK I,5_26_25
00:09:29.20,HARDPOINT,COLOSSUS,CLOUD9 NEW YORK,183,G2 MINNESOTA,197,2:34,0:43,10,,,,,MAJOR I QUALIFIERS - WEEK I,5_26_25
00:09:30.20,HARDPOINT,COLOSSUS,CLOUD9 NEW YORK,184,G2 MINNESOTA,197,2:34,0:42,10,,,,,,5_26_25
00:09:31.20,HARDPOINT,COLOSSUS,CLOUD9 NEW YORK,185,G2 MINNESOTA,197,2:34,0:41,10,,,,,,5_26_25
00:09:32.20,HARDPOINT,COLOSSUS,CLOUD9 NEW YORK,186,G2 MINNESOTA,197,2:34,0:40,10,,,,,,5_26_25
00:09:33.20,HARDPOINT,COLOSSUS,CLOUD9 NEW YORK,187,G2 MINNESOTA,197,2:34,0:39,10,,,,BEANS - KILLINGSPREE,,5_26_25
00:09:34.20,HARDPOINT,COLOSSUS,CLOUD9 NEW YORK,188,G2 MINNESOTA,197,2:34,0:38,10,,,,BEANS - KILLINGSPREE,,5_26_25
00:09:35.20,HARDPOINT,COLOSSUS,CLOUD9 NEW YORK,189,G2 MINNESOTA,197,2:34,0:37,10,,,,BEANS - KILLINGSPREE,,5_26_25
00:09:36.20,HARDPOINT,COLOSSUS,CLOUD9 NEW YORK,190,G2 MINNESOTA,197,2:34,0:36,10,,,,BEANS - KILLINGSPREE,,5_26_25
00:09:37.20,HARDPOINT,COLOSSUS,CLOUD9 NEW YORK,191,G2 MINNESOTA,197,2:34,0:35,10,,,,,,5_26_25
00:09:38.20,HARDPOINT,COLOSSUS,CLOUD9 NEW YORK,191,G2 MINNESOTA,197,2:34,0:34,10,,,,,,5_26_25
00:09:39.20,HARDPOINT,COLOSSUS,CLOUD9 NEW YORK,192,G2 MINNESOTA,197,2:34,0:33,10,,,,,,5_26_25
00:09:40.20,HARDPOINT,COLOSSUS,CLOUD9 NEW YORK,193,G2 MINNESOTA,197,2:34,0:32,10,,,,,,5_26_25
00:09:41.20,HARDPOINT,COLOSSUS,CLOUD9 NEW YORK,194,G2 MINNESOTA,197,2:34,0:31,10,,,,,,5_26_25
00:09:42.20,HARDPOINT,COLOSSUS,CLOUD9 NEW YORK,195,G2 MINNESOTA,197,2:34,0:30,10,,,,,,5_26_25
00:09:43.20,HARDPOINT,COLOSSUS,CLOUD9 NEW YORK,196,G2 MINNESOTA,197,2:34,0:29,10,,,,,,5_26_25
00:09:44.20,HARDPOINT,COLOSSUS,CLOUD9 NEW YORK,197,G2 MINNESOTA,197,2:34,0:28,10,,,,,MAJOR I QUALIFIERS - WEEK I,5_26_25
00:09:45.20,HARDPOINT,COLOSSUS,CLOUD9 NEW YORK,198,G2 MINNESOTA,197,2:34,0:27,10,,,,,MAJOR I QUALIFIERS - WEEK I,5_26_25
00:09:46.20,HARDPOINT,COLOSSUS,CLOUD9 NEW YORK,199,G2 MINNESOTA,197,2:34,0:26,10,,,,,MAJOR I QUALIFIERS - WEEK I,5_26_25
00:09:47.20,HARDPOINT,COLOSSUS,CLOUD9 NEW YORK,200,G2 MINNESOTA,197,2:34,0:25,10,,,,,MAJOR I QUALIFIERS - WEEK I,5_26_25
00:09:48.20,HARDPOINT,COLOSSUS,CLOUD9 NEW YORK,201,G2 MINNESOTA,197,2:34,0:24,10,,,,,MAJOR I QUALIFIERS - WEEK I,5_26_25
00:09:49.20,HARDPOINT,COLOSSUS,CLOUD9 NEW YORK,202,G2 MINNESOTA,197,2:34,0:23,10,,,,,MAJOR I QUALIFIERS - WEEK I,5_26_25
00:09:50.20,HARDPOINT,COLOSSUS,CLOUD9 NEW YORK,203,G2 MINNESOTA,197,2:34,0:22,10,,,,,MAJOR I QUALIFIERS - WEEK I,5_26_25
00:09:51.20,HARDPOINT,COLOSSUS,CLOUD9 NEW YORK,203,G2 MINNESOTA,197,2:34,0:21,10,,,,,,5_26_25
00:09:52.20,HARDPOINT,COLOSSUS,CLOUD9 NEW YORK,204,G2 MINNESOTA,197,2:33,0:20,10,,,,,,5_26_25
00:09:53.20,HARDPOINT,COLOSSUS,CLOUD9 NEW YORK,204,G2 MINNESOTA,197,2:32,0:19,10,,,,,,5_26_25
00:09:54.20,HARDPOINT,COLOSSUS,CLOUD9 NEW YORK,204,G2 MINNESOTA,197,2:31,0:18,10,,,,,,5_26_25
00:09:55.20,HARDPOINT,COLOSSUS,CLOUD9 NEW YORK,205,G2 MINNESOTA,197,2:31,0:17,10,,,,,,5_26_25
00:09:56.20,HARDPOINT,COLOSSUS,CLOUD9 NEW YORK,206,G2 MINNESOTA,197,2:31,0:16,10,,,,,,5_26_25
00:09:57.20,HARDPOINT,COLOSSUS,CLOUD9 NEW YORK,207,G2 MINNESOTA,197,2:31,0:15,10,,,,,,5_26_25
00:09:58.20,HARDPOINT,COLOSSUS,CLOUD9 NEW YORK,208,G2 MINNESOTA,197,2:31,0:14,10,,,,,MAJOR I QUALIFIERS - WEEK I,5_26_25
00:09:59.20,HARDPOINT,COLOSSUS,CLOUD9 NEW YORK,209,G2 MINNESOTA,197,2:31,0:13,10,,,,,MAJOR I QUALIFIERS - WEEK I,5_26_25
00:10:00.20,HARDPOINT,COLOSSUS,CLOUD9 NEW YORK,210,G2 MINNESOTA,197,2:31,0:12,10,,,,,MAJOR I QUALIFIERS - WEEK I,5_26_25
00:10:01.20,HARDPOINT,COLOSSUS,CLOUD9 NEW YORK,211,G2 MINNESOTA,197,2:31,0:11,10,,,,,MAJOR I QUALIFIERS - WEEK I,5_26_25
00:10:02.20,HARDPOINT,COLOSSUS,CLOUD9 NEW YORK,211,G2 MINNESOTA,197,2:31,0:10,10,,,,,MAJOR I QUALIFIERS - WEEK I,5_26_25
00:10:03.20,HARDPOINT,COLOSSUS,CLOUD9 NEW YORK,212,G2 MINNESOTA,197,2:31,0:09,10,,,,,MAJOR I QUALIFIERS - WEEK I,5_26_25
00:10:04.20,HARDPOINT,COLOSSUS,CLOUD9 NEW YORK,213,G2 MINNESOTA,197,2:31,0:08,10,,,,,MAJOR I QUALIFIERS - WEEK I,5_26_25
00:10:05.20,HARDPOINT,COLOSSUS,CLOUD9 NEW YORK,214,G2 MINNESOTA,197,2:31,0:07,10,,,,,,5_26_25
00:10:06.20,HARDPOINT,COLOSSUS,CLOUD9 NEW YORK,215,G2 MINNESOTA,197,2:31,0:06,10,,,,,,5_26_25
00:10:07.20,HARDPOINT,COLOSSUS,CLOUD9 NEW YORK,216,G2 MINNESOTA,197,2:31,0:05,10,,,,,,5_26_25
00:10:08.20,HARDPOINT,COLOSSUS,CLOUD9 NEW YORK,217,G2 MINNESOTA,197,2:31,0:04,10,,,,,,5_26_25
00:10:09.20,HARDPOINT,COLOSSUS,CLOUD9 NEW YORK,218,G2 MINNESOTA,197,2:23,0:03,10,,,,,,5_26_25
00:10:10.20,HARDPOINT,COLOSSUS,CLOUD9 NEW YORK,218,G2 MINNESOTA,197,2:30,0:02,10,,,,,,5_26_25
00:10:11.20,HARDPOINT,COLOSSUS,CLOUD9 NEW YORK,218,G2 MINNESOTA,197,2:29,0:01,10,,,,,,5_26_25
00:10:12.20,HARDPOINT,COLOSSUS,CLOUD9 NEW YORK,218,G2 MINNESOTA,197,2:28,0:00,10,,,,,MAJOR I QUALIFIERS - WEEK I,5_26_25
00:10:13.20,HARDPOINT,COLOSSUS,CLOUD9 NEW YORK,218,G2 MINNESOTA,197,2:27,0:00,10,,,,,MAJOR I QUALIFIERS - WEEK I,5_26_25
00:10:14.20,HARDPOINT,COLOSSUS,CLOUD9 NEW YORK,218,G2 MINNESOTA,197,2:26,0:59,11,,,,,,5_26_25
00:10:15.20,HARDPOINT,COLOSSUS,CLOUD9 NEW YORK,218,G2 MINNESOTA,197,2:25,0:58,11,,,,,NEWHARDPOINT,5_26_25
00:10:16.20,HARDPOINT,COLOSSUS,CLOUD9 NEW YORK,218,G2 MINNESOTA,197,2:24,0:57,11,,,,,NEWHARDPOINT,5_26_25
00:10:17.20,HARDPOINT,COLOSSUS,CLOUD9 NEW YORK,218,G2 MINNESOTA,197,2:23,0:56,11,,,,,NEW HARDPOINT,5_26_25
00:10:18.20,HARDPOINT,COLOSSUS,CLOUD9 NEW YORK,218,G2 MINNESOTA,197,2:22,0:55,11,,SECURITY,,,,5_26_25
00:10:19.20,HARDPOINT,COLOSSUS,CLOUD9 NEW YORK,218,G2 MINNESOTA,197,2:21,0:54,11,,SECURITY,,,,5_26_25
00:10:20.20,HARDPOINT,COLOSSUS,CLOUD9 NEW YORK,218,G2 MINNESOTA,197,2:20,0:53,11,,SECURITY,,,,5_26_25
00:10:21.20,HARDPOINT,COLOSSUS,CLOUD9 NEW YORK,218,G2 MINNESOTA,198,2:20,0:52,11,,SECURITY,,,,5_26_25
00:10:22.20,HARDPOINT,COLOSSUS,CLOUD9 NEW YORK,218,G2 MINNESOTA,199,2:20,0:51,11,,,,,MAJOR I QUALIFIERS - WEEK I,5_26_25
00:10:23.20,HARDPOINT,COLOSSUS,CLOUD9 NEW YORK,218,G2 MINNESOTA,199,2:19,0:50,11,,,,,MAJOR I QUALIFIERS - WEEK I,5_26_25
00:10:24.20,HARDPOINT,COLOSSUS,CLOUD9 NEW YORK,218,G2 MINNESOTA,199,2:18,0:49,11,,,,,MAJOR I QUALIFIERS - WEEK I,5_26_25
00:10:25.20,HARDPOINT,COLOSSUS,CLOUD9 NEW YORK,218,G2 MINNESOTA,199,2:17,0:48,11,,,,,MAJOR I QUALIFIERS - WEEK I,5_26_25
00:10:26.20,HARDPOINT,COLOSSUS,CLOUD9 NEW YORK,218,G2 MINNESOTA,199,2:16,0:47,11,,,,,MAJOR I QUALIFIERS - WEEK I,5_26_25
00:10:27.20,HARDPOINT,COLOSSUS,CLOUD9 NEW YORK,218,G2 MINNESOTA,199,2:15,0:46,11,,,,,MAJOR I QUALIFIERS - WEEK I,5_26_25
00:10:28.20,HARDPOINT,COLOSSUS,CLOUD9 NEW YORK,218,G2 MINNESOTA,199,2:14,0:45,11,,,,,MAJOR I QUALIFIERS - WEEK I,5_26_25
00:10:29.20,HARDPOINT,COLOSSUS,CLOUD9 NEW YORK,218,G2 MINNESOTA,199,2:13,0:44,11,,,,,,5_26_25
00:10:30.20,HARDPOINT,COLOSSUS,CLOUD9 NEW YORK,218,G2 MINNESOTA,199,2:13,0:43,11,,,,,,5_26_25
00:10:31.20,HARDPOINT,COLOSSUS,CLOUD9 NEW YORK,218,G2 MINNESOTA,200,2:13,0:42,11,,,,,,5_26_25
00:10:32.20,HARDPOINT,COLOSSUS,CLOUD9 NEW YORK,218,G2 MINNESOTA,201,2:13,0:41,11,,,,,,5_26_25
00:10:33.20,HARDPOINT,COLOSSUS,CLOUD9 NEW YORK,218,G2 MINNESOTA,202,2:13,0:40,11,,,,,,5_26_25
00:10:34.20,HARDPOINT,COLOSSUS,CLOUD9 NEW YORK,218,G2 MINNESOTA,202,2:12,0:39,11,,,BEANS - MULTIKILL,,,5_26_25
00:10:35.20,HARDPOINT,COLOSSUS,CLOUD9 NEW YORK,218,G2 MINNESOTA,202,2:12,0:38,11,,,BEANS - MULTIKILL,,,5_26_25
00:10:36.20,HARDPOINT,COLOSSUS,CLOUD9 NEW YORK,218,G2 MINNESOTA,203,2:12,0:37,11,,,BEANS - MULTIKILL,,,5_26_25
00:10:37.20,HARDPOINT,COLOSSUS,CLOUD9 NEW YORK,218,G2 MINNESOTA,204,2:12,0:36,11,,,BEANS - MULTIKILL,,,5_26_25
00:10:38.20,HARDPOINT,COLOSSUS,CLOUD9 NEW YORK,218,G2 MINNESOTA,205,2:12,0:35,11,,,,,,5_26_25
00:10:39.20,HARDPOINT,COLOSSUS,CLOUD9 NEW YORK,218,G2 MINNESOTA,206,2:12,0:34,11,,,,,,5_26_25
00:10:40.20,HARDPOINT,COLOSSUS,CLOUD9 NEW YORK,218,G2 MINNESOTA,207,2:12,0:33,11,,,,,,5_26_25
00:10:41.20,HARDPOINT,COLOSSUS,CLOUD9 NEW YORK,218,G2 MINNESOTA,208,2:12,0:32,11,,,,,,5_26_25
00:10:42.20,HARDPOINT,COLOSSUS,CLOUD9 NEW YORK,218,G2 MINNESOTA,209,2:12,0:31,11,,,,,,5_26_25
00:10:43.20,HARDPOINT,COLOSSUS,CLOUD9 NEW YORK,218,G2 MINNESOTA,210,2:12,0:30,11,,,,,,5_26_25
00:10:44.20,HARDPOINT,COLOSSUS,CLOUD9 NEW YORK,218,G2 MINNESOTA,211,2:12,0:29,11,,,,,,5_26_25
00:10:45.20,HARDPOINT,COLOSSUS,CLOUD9 NEW YORK,218,G2 MINNESOTA,212,2:12,0:28,11,,,,,MAJOR I QUALIFIERS - WEEK I,5_26_25
00:10:46.20,HARDPOINT,COLOSSUS,CLOUD9 NEW YORK,218,G2 MINNESOTA,213,2:12,0:27,11,,,,,MAJOR I QUALIFIERS - WEEK I,5_26_25
00:10:47.20,HARDPOINT,COLOSSUS,CLOUD9 NEW YORK,218,G2 MINNESOTA,214,2:12,0:27,11,,,,,MAJOR I QUALIFIERS - WEEK I,5_26_25
00:10:48.20,HARDPOINT,COLOSSUS,CLOUD9 NEW YORK,218,G2 MINNESOTA,214,2:12,0:25,11,,,,,MAJOR I QUALIFIERS - WEEK I,5_26_25
00:10:49.20,HARDPOINT,COLOSSUS,CLOUD9 NEW YORK,218,G2 MINNESOTA,215,2:12,0:24,11,,,,,MAJOR I QUALIFIERS - WEEK I,5_26_25
00:10:50.20,HARDPOINT,COLOSSUS,CLOUD9 NEW YORK,218,G2 MINNESOTA,216,2:12,0:23,11,,,,,MAJOR I QUALIFIERS - WEEK I,5_26_25
00:10:51.20,HARDPOINT,COLOSSUS,CLOUD9 NEW YORK,218,G2 MINNESOTA,216,2:11,0:22,11,,,,,MAJOR I QUALIFIERS - WEEK I,5_26_25
00:10:52.20,HARDPOINT,COLOSSUS,CLOUD9 NEW YORK,218,G2 MINNESOTA,216,2:11,0:21,11,,,,,,5_26_25
00:10:53.20,HARDPOINT,COLOSSUS,CLOUD9 NEW YORK,218,G2 MINNESOTA,217,2:11,0:20,11,,,,,,5_26_25
00:10:54.20,HARDPOINT,COLOSSUS,CLOUD9 NEW YORK,218,G2 MINNESOTA,218,2:11,0:19,11,,,,,,5_26_25
00:10:55.20,HARDPOINT,COLOSSUS,CLOUD9 NEW YORK,218,G2 MINNESOTA,219,2:11,0:18,11,,,,,,5_26_25
00:10:56.20,HARDPOINT,COLOSSUS,CLOUD9 NEW YORK,218,G2 MINNESOTA,220,2:11,0:17,11,,,,,,5_26_25
00:10:57.20,HARDPOINT,COLOSSUS,CLOUD9 NEW YORK,218,G2 MINNESOTA,221,2:11,0:16,11,,,,,,5_26_25
00:10:58.20,HARDPOINT,COLOSSUS,CLOUD9 NEW YORK,218,G2 MINNESOTA,221,2:10,0:15,11,,,,,,5_26_25
00:10:59.20,HARDPOINT,COLOSSUS,CLOUD9 NEW YORK,218,G2 MINNESOTA,221,2:09,0:14,11,,,,,MAJOR I QUALIFIERS - WEEK I,5_26_25
00:11:00.20,HARDPOINT,COLOSSUS,CLOUD9 NEW YORK,218,G2 MINNESOTA,221,2:08,0:13,11,,,,,MAJOR I QUALIFIERS - WEEK I,5_26_25
00:11:01.20,HARDPOINT,COLOSSUS,CLOUD9 NEW YORK,218,G2 MINNESOTA,221,2:08,0:12,11,,,,,MAJOR I QUALIFIERS - WEEK I,5_26_25
00:11:02.20,HARDPOINT,COLOSSUS,CLOUD9 NEW YORK,218,G2 MINNESOTA,221,2:07,0:11,11,,,,,MAJOR I QUALIFIERS - WEEK I,5_26_25
00:11:03.20,HARDPOINT,COLOSSUS,CLOUD9 NEW YORK,219,G2 MINNESOTA,221,2:07,0:10,11,,,,,MAJOR I QUALIFIERS - WEEK I,5_26_25
00:11:04.20,HARDPOINT,COLOSSUS,CLOUD9 NEW YORK,220,G2 MINNESOTA,221,2:07,0:09,11,,,,,MAJOR I QUALIFIERS - WEEK I,5_26_25
00:11:05.20,HARDPOINT,COLOSSUS,CLOUD9 NEW YORK,221,G2 MINNESOTA,221,2:07,0:08,11,,,,,MAJOR I QUALIFIERS - WEEK I,5_26_25
00:11:06.20,HARDPOINT,COLOSSUS,CLOUD9 NEW YORK,222,G2 MINNESOTA,221,2:07,0:07,11,,,,,,5_26_25
00:11:07.20,HARDPOINT,COLOSSUS,CLOUD9 NEW YORK,223,G2 MINNESOTA,221,2:07,0:06,11,,,,,,5_26_25
00:11:08.20,HARDPOINT,COLOSSUS,CLOUD9 NEW YORK,224,G2 MINNESOTA,221,2:07,0:05,11,,,,,,5_26_25
00:11:09.20,HARDPOINT,COLOSSUS,CLOUD9 NEW YORK,225,G2 MINNESOTA,221,2:07,0:04,11,,,,,,5_26_25
00:11:10.20,HARDPOINT,COLOSSUS,CLOUD9 NEW YORK,226,G2 MINNESOTA,221,2:07,0:03,11,,,,,,5_26_25
00:11:11.20,HARDPOINT,COLOSSUS,CLOUD9 NEW YORK,227,G2 MINNESOTA,221,2:07,0:02,11,,,,,,5_26_25
00:11:12.20,HARDPOINT,COLOSSUS,CLOUD9 NEW YORK,228,G2 MINNESOTA,221,2:07,0:01,11,,,,,,5_26_25
00:11:13.20,HARDPOINT,COLOSSUS,CLOUD9 NEW YORK,229,G2 MINNESOTA,221,2:07,0:00,11,,,,,MAJOR I QUALIFIERS - WEEK I,5_26_25
00:11:14.20,HARDPOINT,COLOSSUS,CLOUD9 NEW YORK,229,G2 MINNESOTA,221,2:06,0:00,11,,,,,MAJOR I QUALIFIERS - WEEK I,5_26_25
00:11:15.20,HARDPOINT,COLOSSUS,CLOUD9 NEW YORK,229,G2 MINNESOTA,221,2:06,0:59,12,,,,,NEW HARDPOINT,5_26_25
00:11:16.20,HARDPOINT,COLOSSUS,CLOUD9 NEW YORK,230,G2 MINNESOTA,221,2:06,0:58,12,,,,,NEWHARDPOINT,5_26_25
00:11:17.20,HARDPOINT,COLOSSUS,CLOUD9 NEW YORK,231,G2 MINNESOTA,221,2:06,0:57,12,,,,,NEWHARDPOINT,5_26_25
00:11:18.20,HARDPOINT,COLOSSUS,CLOUD9 NEW YORK,232,G2 MINNESOTA,221,2:06,0:56,12,,,,,NEWHARDPOINT,5_26_25
00:11:19.20,HARDPOINT,COLOSSUS,CLOUD9 NEW YORK,233,G2 MINNESOTA,221,2:06,0:55,12,,WRECKAGE,,,,5_26_25
00:11:20.20,HARDPOINT,COLOSSUS,CLOUD9 NEW YORK,234,G2 MINNESOTA,221,2:06,0:54,12,,WRECKAGE,,,,5_26_25
00:11:21.20,HARDPOINT,COLOSSUS,CLOUD9 NEW YORK,235,G2 MINNESOTA,221,2:06,0:53,12,,WRECKAGE,,,,5_26_25
00:11:22.20,HARDPOINT,COLOSSUS,CLOUD9 NEW YORK,236,G2 MINNESOTA,221,2:06,0:52,12,,WRECKAGE,,,,5_26_25
00:11:23.20,HARDPOINT,COLOSSUS,CLOUD9 NEW YORK,237,G2 MINNESOTA,221,2:06,0:51,12,,,,,MAJOR I QUALIFIERS - WEEK I,5_26_25
00:11:24.20,HARDPOINT,COLOSSUS,CLOUD9 NEW YORK,238,G2 MINNESOTA,221,2:06,0:50,12,,,,,MAJOR I QUALIFIERS - WEEK I,5_26_25
00:11:25.20,HARDPOINT,COLOSSUS,CLOUD9 NEW YORK,239,G2 MINNESOTA,221,2:06,0:49,12,,,,,MAJOR I QUALIFIERS - WEEK I,5_26_25
00:11:26.20,HARDPOINT,COLOSSUS,CLOUD9 NEW YORK,240,G2 MINNESOTA,221,2:06,0:48,12,,,,,MAJOR I QUALIFIERS - WEEK I,5_26_25
00:11:27.20,HARDPOINT,COLOSSUS,CLOUD9 NEW YORK,241,G2 MINNESOTA,221,2:06,0:47,12,,,,,MAJOR I QUALIFIERS - WEEK I,5_26_25
00:11:28.20,HARDPOINT,COLOSSUS,CLOUD9 NEW YORK,242,G2 MINNESOTA,221,2:06,0:46,12,,,,,MAJOR I QUALIFIERS - WEEK I,5_26_25
00:11:29.20,HARDPOINT,COLOSSUS,CLOUD9 NEW YORK,243,G2 MINNESOTA,221,2:06,0:45,12,,,,,MAJOR I QUALIFIERS - WEEK I,5_26_25
00:11:30.20,HARDPOINT,COLOSSUS,CLOUD9 NEW YORK,244,G2 MINNESOTA,221,2:06,0:44,12,,,,,,5_26_25
00:11:31.20,HARDPOINT,COLOSSUS,CLOUD9 NEW YORK,245,G2 MINNESOTA,221,2:06,0:43,12,,,,,,5_26_25
00:11:32.20,HARDPOINT,COLOSSUS,CLOUD9 NEW YORK,246,G2 MINNESOTA,221,2:05,0:43,12,,,,,,5_26_25
00:11:33.20,HARDPOINT,COLOSSUS,CLOUD9 NEW YORK,246,G2 MINNESOTA,221,2:04,0:43,12,,,,,,5_26_25
00:11:34.20,HARDPOINT,COLOSSUS,CLOUD9 NEW YORK,246,G2 MINNESOTA,221,2:03,0:43,12,,,,,,5_26_25
00:11:35.20,HARDPOINT,COLOSSUS,CLOUD9 NEW YORK,246,G2 MINNESOTA,221,2:02,0:43,12,,,,,,5_26_25
00:11:36.20,HARDPOINT,COLOSSUS,CLOUD9 NEW YORK,246,G2 MINNESOTA,221,2:02,0:38,12,,,,,,5_26_25
00:11:37.20,HARDPOINT,COLOSSUS,CLOUD9 NEW YORK,247,G2 MINNESOTA,221,2:02,0:38,12,,,,,MAJOR I QUALIFIERS - WEEK I,5_26_25
00:11:38.20,HARDPOINT,COLOSSUS,CLOUD9 NEW YORK,247,G2 MINNESOTA,221,2:01,0:38,12,,,MACK - MULTIKILL,,,5_26_25
00:11:39.20,HARDPOINT,COLOSSUS,CLOUD9 NEW YORK,247,G2 MINNESOTA,221,2:00,0:38,12,,,MACK - MULTIKILL,,,5_26_25
00:11:40.20,HARDPOINT,COLOSSUS,CLOUD9 NEW YORK,247,G2 MINNESOTA,221,2:00,0:34,12,,,MACK - MULTIKILL,,,5_26_25
00:11:41.20,HARDPOINT,COLOSSUS,CLOUD9 NEW YORK,248,G2 MINNESOTA,221,2:00,0:33,12,,,MACK - MULTIKILL,,,5_26_25
00:11:42.20,HARDPOINT,COLOSSUS,CLOUD9 NEW YORK,249,G2 MINNESOTA,221,2:00,0:32,12,,,,,MAJOR I QUALIFIERS - WEEK I,5_26_25
